post_id	preds
16	['hg3xpej0', 'jrqlhjsm', '8t2tic9n', 'nksd3wuw', '3qvh482o']
69	['r58aohnu', 'q1mq5f2t', '0emibwp3', 'zph2g27g', 'mcmqx7og']
73	['sts48u9i', 'a7frertc', 'qkg8fwbp', '11os51qg', '6l7h3zxv']
93	['3sr2exq9', 'k0f4cwig', 'kdegnr6i', 'iu6epm2i', '3ybiysp4']
96	['ybwwmyqy', 'vabb2f26', 'lzddnb8j', 'fiicxnty', 'nlv939ft']
116	['xh723tgl', 'vx9vqr1k', 'pxhetma5', 't019zx7q', 'zt5alyy2']
132	['f96qs295', 'jjh1z5c6', '9mn6trtn', 'qi1henyy', '0r0zdpds']
145	['yoiq6cgt', '0h2x79ye', '65efipbi', 'zv8xt1dd', 'f5p37j7g']
150	['qmo1zzkg', 'n5kgdoln', '0cuz6iho', 'm4u4ulml', '9ez3igd4']
152	['c0ipfbeg', '4cnk76lb', 'hhuu7ol8', 'wgbyqfrx', 'omrb959r']
158	['wq92nfnd', 'opjfy3xr', 'f96qs295', '0emibwp3', 't0iw2vod']
159	['9nostuqg', 'axa9cqk6', 'vs730te0', '7vsv726x', 'irk1gxeq']
169	['imheos0p', 'z9vjo98p', 'r1tl2hrk', 'd78zcfls', 'isivkz8b']
173	['v0y734lu', '4ylt5rhg', '5kz2s7ag', 'xre1l41y', '6ajmuuld']
177	['a40yhtqk', 'hn6clwoj', '675v58x8', 'mjb3ip7a', 'bzeqs5oh']
178	['21qgukm1', '3swdnn29', 'a9prti0f', 'eszhtrze', '1mu1o8rj']
192	['s3o9v1fl', 'mru0mcup', 'i9nchww2', 'm4vu77v6', '5525dp31']
193	['yi1s6xap', 'ukqhpm5w', 'yeowvvqi', '7lli72ph', 'xj02160p']
201	['lj74054o', 't6rxsiat', 'yhyeywvc', 'ko9irio2', '7d4rci04']
209	['xj02160p', 'cpp2l8n5', 'czbhddnm', 'c2mpraux', 'yeowvvqi']
231	['rlr17nah', 'o8aosx2q', 'fgj2lvbg', 'pm9cl9ps', '1nk1t5qs']
243	['6j45mmjh', 'xvphsdg7', '6a728le9', 'yn7e3do9', 'gtp01rna']
244	['bc8xa92n', 'w9qei8zj', 'msra1ghp', 'mqu6d8sp', '0neg0ffq']
247	['41yfx1ev', '1nqbqmum', 'n3xm6c0y', 'geo7ac5i', '4mjg7jul']
260	['uohbxoeb', 'hn6clwoj', 'mjb3ip7a', 'p6uliadr', 'te0v91nr']
270	['ivy95jpw', '2v6zigt8', 'roe6g61u', 's0ca1r5s', '407va85q']
272	['3u3i5myh', 'byw8jsqv', 'z6elaxpc', 'a4klrp3h', 'y98bleop']
276	['pspko62f', '1nqbqmum', 'pdd5wepz', '236otwxj', 'r0nmq9ne']
291	['utxzc0x5', 'kzl1dx8i', 'il4wa97x', 'y502wp0u', 'l07q84ni']
292	['xd5uhah4', 'e0a1t2ig', 'ljpeq5aw', 'l9lni5d3', 'llcit7x2']
300	['pta8enbu', 'ccxnsmia', '755ym7vl', 'bpv5wgm5', 'wda18u55']
306	['8d90mc54', 'm5pe8kr4', 'cgxs9uam', 'unx1pv2k', 'x4crng5j']
329	['dsfbmhbj', 'q9bwvh0t', '81rxs247', '7a7oi5dt', '7n4t8i2n']
344	['eywnnzxe', 'byw8jsqv', 'r5v2gi3v', '55gugbs8', 'urv9o2f1']
358	['wq92nfnd', 'db8fl9d2', 'opjfy3xr', 'f96qs295', 'qdw86v8i']
362	['bfcz49t9', 'vvmb92wo', 'wq92nfnd', 'opjfy3xr', 'iylmvmv3']
377	['qeqd4soe', 'sywxrxmf', 'roe6g61u', '2v6zigt8', 'ivy95jpw']
386	['urj0nssb', '1mu1o8rj', '41yfx1ev', 'dti9o5x3', 'tij7lakb']
387	['qeqd4soe', 'roe6g61u', '2v6zigt8', 'ivxvry3u', '407va85q']
404	['daj5g788', 'zctjkag0', 'u89jd28e', 'pq3n18ae', '3z9ubx09']
406	['daj5g788', 'u89jd28e', 'zctjkag0', '35nshnn2', 'hnx43l5c']
414	['wxrv37ec', 'ooagjxp1', '6ywpbdny', 'ktwazcrd', 'iali360u']
418	['dbgtslc8', 'fxvro3wl', 'ai60maqz', 'l2i3aa3k', 'eay6qfhz']
420	['t6rxsiat', '1jtln8wc', 't0iw2vod', '3fiqpart', '1zuhilmu']
441	['wbix36hf', 'jurqttdg', 'g1u9yhig', 'c2krtbvr', '4vvuye8u']
443	['446p4tbc', 'sikgdopk', 'x7ybnese', 'km2uxj9p', 'p37dnoj8']
450	['ppsk31u8', 'jw713e2n', '1475ms9x', 'wtenvb27', '3vccsofn']
452	['45y7jepy', 'dkukwnov', 'vxaf9e7w', 'wkwqlnz2', 'rn8eezep']
469	['08u566ia', 'psk1lnff', 'ihgxtu8g', 'e8fhlo37', 'acfa95vw']
488	['k1n00gir', 'p9qeaedh', 'ansf1j7u', '81pr5etw', '6hehg1yf']
491	['rn8eezep', '6tlzij5v', 'uj0k84vk', 'rog2h4g7', 'qbp5nid8']
499	['nr0fu2qb', 'wq92nfnd', 'ropgq7tr', 'opjfy3xr', 'x9sfgtim']
508	['jrgeasqy', 'fxvro3wl', 'icejfmzr', 'l2i3aa3k', '92ljfia5']
522	['iyc8j5mr', 'vjwu0fvp', 'cd5m77rd', 'yoiq6cgt', 'xp2qkk52']
530	['sxq2063i', '69afkw7x', 'ywvk6gu6', 'ovgk0wsn', 'i5j4nmjz']
535	['l2i3aa3k', 'vc6j8ao2', 'fxvro3wl', 'ai60maqz', 'wtxhbzr9']
566	['ijdk1nnc', '2qcuygax', '0o7rm667', '9sh9mk6p', 'a0dvzhc8']
572	['9mvk86q6', 'wd7drbky', 'k1adcls8', 'f9jr9kki', '8149l7tj']
600	['qmo1zzkg', 'v10454ns', 'mayhg4jq', '75rhjcz5', 'upf0ecx7']
611	['eauj21v4', 'leqluxpl', 'xcomjvaa', 'wehqqbjx', 'r1tp27z8']
616	['yslf5er3', 'edmxk1wi', '19hzn57b', 'xxu5e5t1', 'qgxaekae']
628	['y8i60bm3', 'g6kag5ij', 'cbp4o6ou', 'dql5n9k7', 'y9urkfnt']
631	['yjm6asp5', 'jazfyjwl', 'mmr04tsm', 'u6bgywat', '0n07fow0']
653	['xr70oiv3', 'mu2vqjnv', 'mcw3ir3a', 'e49rdu76', 'f74g59b0']
672	['iyc8j5mr', 'vjwu0fvp', 'xp2qkk52', '3xw4qjoy', '5sx04n3x']
675	['lwhy2spw', 'lanpynie', 'axa9cqk6', 'on1y4mdw', 'zzph3va1']
679	['7xb7hj9u', '3kng7qea', 'li8kvzdh', 'xd5uhah4', 'c5be70t6']
704	['r6r7k3zr', 'ghi0ekm5', '1foh6k53', 'zbzrxuoh', 'yuppix3r']
707	['o7qibwzj', 'oyplh9cn', 'rvbofsmb', 'cnz7jlw4', 'x220pjeg']
711	['ey0r1py7', 'octtj2vf', 'wtxhbzr9', 'lkb09vs8', '3jn7tdaj']
713	['fq1am5na', '63b7yidq', 'suqkidrm', 'y203109o', 'oa81rhdb']
717	['wnpmwne1', '630w2rtn', '1adofojj', 'pp373xuc', 'l6oe215a']
746	['wrzmgnrb', 'hitaptnp', 'yeowvvqi', '5lzixulv', '9n7a9g78']
751	['x5btuxrq', 'hs2q61gw', '4h5a6qh1', 'dz1da2ba', '1umbwskb']
771	['3wjmmr6i', 'nkzweuft', 'f3w4v5ej', 'hlv5zb0s', 'lsgm7y5t']
776	['efbj3uur', 'trrg1mnw', 'cmc02ybp', 'ok9o9tta', '7015mpuh']
787	['jr92ou2e', 'b9nsh19x', '5rdsn2mn', 'y7v9zc6w', '4zxfghz3']
792	['ws7lp560', '3ybiysp4', 'npe81wc8', 'gobik7kl', 'atnxkvy6']
805	['ag18sokf', '1crb3kcu', 'xpwfoal7', 'w4pgkid9', 'ut1lltad']
813	['tx3qbg32', 'lm2qoahq', '8dgahmka', 'b0545v23', 'rvzvibbt']
822	['x5btuxrq', 'hs2q61gw', '4h5a6qh1', '1umbwskb', 'dz1da2ba']
824	['u5rbvc3i', 't0zphgfl', 'obhm5mc5', 'fnguelau', 'wivk0bm0']
835	['08z6z7d5', 'bcttenl4', '6k0nhmg9', '4py6l839', '7omyaap8']
837	['cabmmgg6', 'pfh6nm9r', 'kgggepu0', 'yb9uyov3', '54fmvcl5']
849	['n5qfwl57', 'lsfnkpcb', 'ikon1ktb', 'iqe6sdq2', 'n0zppf8v']
850	['8llmriik', 'fo815n5l', 'ybcr7clp', 'j81mq3nr', 'loq68wfv']
852	['bcttenl4', '9kk8pevp', 'vnb7g17n', 'cvxni7cd', 'b3nv1vl6']
877	['6mdimxnk', 'ovgk0wsn', '9wvlt53w', '69afkw7x', 'ywvk6gu6']
889	['6mdimxnk', 'vwvzxlqh', '0leez9la', 'ovgk0wsn', 'epzpua9t']
916	['ms7hst7z', 'u0lvjlbs', 'dew7ug4s', 'ktv6fk7q', 'kkbkh4yi']
935	['qeqd4soe', '2l883zhe', 'ml27mexb', 's0ca1r5s', 'vrjibtfi']
938	['qeqd4soe', '407va85q', '9wnkmn27', 'dt8h6a0v', 'ivxvry3u']
954	['gqwwfpch', 'be4afbyo', 's19w1p2i', 'qtzhfnr6', 'oywhabcd']
958	['t1a8vnms', 'rog0fp93', 'h1h24a4r', 'o4ri7t16', '80cbwj3o']
969	['arma6a4j', 'sgwvid9l', 'e56ivoz7', 'vqlnd5rx', 'nbdk83ok']
971	['wpabett8', '88vj8czi', 'ziyzdcmg', '3kl4p7h9', '39dqjlly']
977	['ravcm60e', '6g4oclln', 'mdsjbfmx', 'h00mbgsq', 'bbs7zocu']
984	['msra1ghp', 'w9qei8zj', 'zy48nad1', 'f64tksb4', '2neevooh']
987	['tk0iwpnb', 'tp7wthiv', '9h4zzo5q', '9ok153yl', 'utak6i4e']
1039	['0oq0xmzr', '5aev7ltr', 'lty6oq3d', 'bv7hvc1e', 'xy4m6x8d']
1056	['lvw0cnwj', 'jjiiutd5', '8lyipugh', 'olhgu24h', 'wtenvb27']
1060	['ljpeq5aw', 'uyzalds2', '5bk0w0sa', '2f09vauy', 'e7uvbra5']
1062	['5t4twnpm', 'li8kvzdh', '6zfpcm4j', '53zopedx', 'ywvk6gu6']
1070	['lvw0cnwj', '8lyipugh', '5yscqct1', 'jjiiutd5', 'vxavox24']
1072	['s23d5pns', 'd7tk12u2', 'gydzq4n3', 'mt61b7o7', 'y9kkl2lf']
1073	['oa81rhdb', 'v0y734lu', '6sk97gc4', 'b6ki6rmn', 'vp2t4xkn']
1075	['z92xqedn', 'hkk23tqt', 'aj885nl0', '2w6p6jji', '8flh54lv']
1092	['qeqd4soe', 'roe6g61u', '2v6zigt8', 'ivxvry3u', 'ivy95jpw']
1103	['jk0ju2eb', 'hunepli1', '9oxajwkk', '1wui9gwa', 'lav0kp21']
1104	['8l5i1z27', '4iuxm6z2', '4ylt5rhg', 'jmu2cfnd', 'cj3cpn5j']
1108	['vp2t4xkn', 'g2nhydu6', 'ub7ilx98', 'qqdcs77q', '63b7yidq']
1118	['jihyavm1', '9gnqfmbq', '5yaj4o0f', '66mhasjt', '37hn7u3f']
1119	['9ezhwvv9', 'astxi4el', '3rxsplrl', 'ypt4kt78', 'wq92nfnd']
1128	['ypxur24q', 'k1n00gir', '6hehg1yf', 'ok9o9tta', 'byvsuvn0']
1131	['e5v9e584', 'wbix36hf', 'ion9fkpg', 'r4yukmwe', 'uo3ww8j4']
1144	['ia8rou81', '4u3v4vyu', 'ltet5qu6', 'mru0mcup', 'moplus2n']
1161	['qeqd4soe', 'roe6g61u', '407va85q', '2v6zigt8', '9wnkmn27']
1162	['r1m709hb', 'uqeikj0m', '6ukt0gbn', 'rpjg4a9i', '25bdifv6']
1172	['trrg1mnw', 'ynaxwnlp', '66g5lpm6', 'es8l29ub', 'f0wpsaip']
1179	['lby3xhmp', 'gha1wg4w', 'vhjzjdou', 'cabmmgg6', 'pfh6nm9r']
1184	['s9b631ee', 'zli3t1wx', '4budtw8s', 'e7d6sezr', '1fzqh9mb']
1189	['v5beddu4', 'plzklj7c', 'b4mjo92p', 'qj1v04cf', 'cutwvq3b']
1198	['1f6kq8co', 'kl2w6yiv', 'aqke0012', 'z9vjo98p', 'bk6ext3e']
1211	['wyn09ag4', 'jmdrupds', 'b1w9ns78', 'urv9o2f1', 'fz14yjvm']
1222	['vbnke2q5', 'gg5c8v7d', 'ce9jq0hq', '75rhjcz5', 'rwovxw7a']
1225	['szekvw7e', '80cbwj3o', 'oxa060jf', 'e7gq365q', 'piciwqyj']
1229	['od5nnxvg', 'fxvro3wl', 'aawjla6h', '4p6fcy8f', '5zn5mgi9']
1230	['f96qs295', 'db8fl9d2', 'dt2pew66', 'opjfy3xr', 'qdw86v8i']
1237	['dxym95pe', 'v0y734lu', 'hwpn7ti1', 'rlhayt20', '53t1mhnb']
1250	['gnh6ukge', '9iz8papc', 'jlnopr1j', 'bpiiddi7', 'jfdwo189']
1261	['y7082lr7', 'klmhhvtc', 'dti9o5x3', 'qlejjw9s', 'hh643w7m']
1262	['te0v91nr', '7esjlc7i', 'dblqryhy', '104lecie', 'ktm0akxd']
1272	['nosh8awp', 'taz8f384', '02p4et0u', 'cj3cpn5j', '08mfxvql']
1274	['pl6dpxkz', 'vwgvlqml', '4zd58eqy', 'n119a7fx', 'cmc4ocay']
1304	['u999bx7a', 'g1o4t8ps', 'fe42i4pf', 'i6u1x0xq', 'ci0hmkjk']
1314	['vqswp96l', 'j4bfn87k', 'jfdrqkvr', 'v2ljgvnh', 'pi77smba']
1319	['qibt88f7', '4p6fcy8f', 'hnsv4ov0', '626ch774', 'i6x0334e']
1342	['bzeqs5oh', 'uohbxoeb', 'mjb3ip7a', '6a1fl65b', 'te0v91nr']
1345	['3cr97dii', 'n5c0hcwn', 'pfh6nm9r', '02p4et0u', 'c9fg1ni6']
1346	['ba5h6uhu', 'xq525smx', 'qa2pgjvj', 'jveh2w09', 'pm9cl9ps']
1351	['h9nzxlaf', '9sh9mk6p', 'u66awao9', 's7z1l3a9', 'e7gq365q']
1355	['1vd4j3qc', '3cr97dii', '02p4et0u', 'n5c0hcwn', 'g0wujywh']
1365	['85jx7i06', 'g8tckoxj', 't6de15ax', 'pvsox183', 'pcekcvwr']
1374	['ys7azmv7', '4ff2e17a', 'a2voobqa', 'dbgtslc8', 'iha9gjt4']
1381	['65gedo6u', 'qv1xfrg6', '9wnkmn27', 'd0s3vl2w', 'vygvs1x3']
1398	['5c8im9ci', 'a2voobqa', 'ey0r1py7', 'f4jx3b2q', '80yu5aiv']
1402	['ltga2btq', 'z8ajje2l', 'bikc25se', 'vhjzjdou', 'ruewzstg']
1409	['8bjfoa9g', 'y14lw5b2', 'sijfzd2o', '9v6f2274', 'usyduiti']
1410	['cymppa7g', '0shy9q2l', 'gi3vfi68', 'v60ydkm6', 'bk3ss63e']
1428	['unhrmzn5', '08mfxvql', 'stn5gl2b', '02p4et0u', '9kq9o5wp']
1430	['s23d5pns', 'xfcqbfse', 'tvhn7lnu', 'dkfohub3', 'd7tk12u2']
1447	['ufniziwd', 'sqxl75qb', 'n1r841sz', 'tnkkas7x', 'vpatjn33']
1452	['gu4mz2vp', 'gin90aef', 'ach2lhhe', '2bupc5jh', '84z7jgcl']
1455	['riltam7g', 'eecwjrdc', 'u3ympejy', 'qxntta1u', 'jfdshwfh']
1468	['q9bwvh0t', 'qp34apct', 'o1xsjx2p', 'ijdk1nnc', 'z6sjfdb9']
1471	['dql5n9k7', '9fgqe5ep', 'qjfe2t9v', '5q7fmrqo', 'gydzq4n3']
1476	['963hkkiy', 'wtenvb27', 'ezrarusj', 'h4kc04w0', 'k4lqkqnx']
1479	['gydzq4n3', 'piciwqyj', 'lwpvyy49', 'dql5n9k7', 'aktcrflj']
1484	['zycgczqy', 't0iw2vod', 'vvmb92wo', 'f96qs295', 'xtmn1n0r']
1490	['zycgczqy', '1s8jzzwg', 'wq92nfnd', 'f96qs295', '2fokjcjr']
1492	['zycgczqy', 'ximw03ej', 'f96qs295', '5z0xwlxp', 'wzqdo1st']
1517	['ox59xb6z', '5lqjmqu5', '7a543f7v', 'ypt4kt78', 'urv9o2f1']
1526	['xui25c83', '2hkdhwaw', 'x924tb4t', 'ruewzstg', 'irhizn0b']
1536	['h2lnqvsv', 'daxv3reg', '7auounlr', 'mzn4jztt', '1m093f8d']
1537	['urv9o2f1', 'oa81rhdb', 'm2id6kxw', '4ylt5rhg', '9y9lkt4x']
1543	['52cub1om', 'm2z6k2va', 'y42gcbj0', '1xxq8r26', 'kr22x6s3']
1555	['3u3i5myh', 'y98bleop', 'a4klrp3h', 'pdd5wepz', 'byw8jsqv']
1559	['v4pkwd44', 'a4klrp3h', 'lv5s1bko', 'kdxoyvsv', 'g4nto9kf']
1566	['n3i3x5pn', '7o97t2t7', 'r8vxz5vu', 'wbix36hf', 'snk26ii3']
1598	['sljh3o2k', 'rcsohu4m', 'uqfwx4nk', 'dccymlie', 'zqekxlz9']
1608	['ax3e82js', 'qeqd4soe', '675v58x8', '6a1fl65b', 'ivxvry3u']
1609	['iepagac8', 'cxqzo58q', 'jfjxujwj', 'zowgwnjq', 'fe14iohb']
1620	['s7z1l3a9', '23n5r8qj', 'n2ih64pz', 'dti9o5x3', 'bsq640o8']
1643	['whkfvd7l', 'dfhxcqr8', 'mru0mcup', 'i9nchww2', '7w0e546g']
1655	['wg0q628x', 'edmxk1wi', 'rfekwtdb', 'iwdklgyp', 'x208624q']
1677	['9gqonmf5', 'r5eve0bl', 'bzn7wd36', '4vq9ljlg', 'uazqkay9']
1680	['xr70oiv3', '3jgm3uhs', '0chuwvg6', 'ne7e12nj', 'kovi3uyz']
1702	['1s8jzzwg', 'vvmb92wo', 'xtmn1n0r', 'y43prnko', 'h7ftu3ax']
1749	['jhsqrto0', '0evl3wnd', 'm31pjcrl', 'ahxldfao', '8pz6131o']
1769	['qnqh7fum', 'bv1v3awh', 'lricvxim', 'l1rnnebt', '0qrhz4is']
1786	['eecwjrdc', '5ah2yf59', 'lme6vcqs', 'u3ympejy', '29ph2eai']
1800	['x220pjeg', 'cnz7jlw4', 'f0kcf2y0', 'mz1bof2x', 'jxsldz4o']
1807	['oah1to9w', 'lfvvfzi5', 'xo7q4dqr', 'irk1gxeq', 'rnkti5s2']
1818	['d3fpqczo', '0i12e4tn', 'cj7izin2', 'f6vau5s6', 'ca04j8sc']
1821	['lypptk1l', 'khkw1hhv', '1be4l05u', 'cymppa7g', 'hxyn84jt']
1835	['h8w4q5ff', 'qpgvrtee', 'h2lnqvsv', '2uu19itv', '5szqxgjl']
1846	['lfqi7jsa', '1epgt2u0', 'jswlq6wp', 'vp2t4xkn', '7pqy0ejn']
1862	['hu2lg6i7', '1tz7y2sh', '8oi7ptfj', '70s04wty', 'ypt4kt78']
1866	['hu2lg6i7', 'dlwfu274', 'tpswy2g5', '4qp083h4', '8oi7ptfj']
1875	['p8ckcvyj', '58mdhe5v', 'clrlg58a', 'rc6cza9r', '0w905c2x']
1877	['p8ckcvyj', '58mdhe5v', 'uk0hlynp', 'clrlg58a', 'v7ckvxjp']
1904	['1l7hldfh', 'gap91mwc', 'wzp7hpgc', 'na3c21pf', 'h2shhuee']
1935	['hz5vigp0', '47p4g80o', 'q4zuslmp', 'g0f4opa2', '9l6yn8pe']
1958	['3oetrhdh', '34j9n40u', 'b1w9ns78', 'jmdrupds', '0emibwp3']
1962	['60sbhzfs', 'w036x5gr', 'f3mvdpq1', 'xd5uhah4', 'vmmztj0a']
1966	['yj3yisum', 'pwb7rw89', 'jxsldz4o', '6zfpcm4j', '53zopedx']
1975	['iseh0z9c', 'x64zft78', 'v85v5o51', 'sc40pmn4', '1iclw0nt']
1984	['d4eae8g3', 'ogrlupbx', 'pgasbdpp', 'svi7syld', 'pquv37jl']
1985	['d4eae8g3', 'pgasbdpp', 'dobxp4uy', 'ogrlupbx', 'cwdtyr1v']
1990	['sjrle2n0', 'mkwgkkoi', 'rbxesxf6', 'xchvlphf', 'l6zsf85e']
1997	['6k0nhmg9', 'fgj2lvbg', '92tvskxw', '6hkqe14l', 'wvfw94n1']
2008	['cxqzo58q', 'fe14iohb', 'zowgwnjq', 'iepagac8', 'kde51mn0']
2057	['63b7yidq', 'suqkidrm', 'vp2t4xkn', 'fq1am5na', 'wslsqytj']
2067	['unl3n0tn', '5a0yyowv', 'eie9cozf', '2gjo4oqn', 'l69kwh48']
2086	['jwei2g97', 'qnuphz59', '66g5lpm6', 'es8l29ub', 'ce1a9k8b']
2104	['plzklj7c', 'v5beddu4', 'b4mjo92p', 'k36t200n', 'ecobfbpg']
2116	['3u3i5myh', 'z6elaxpc', 'z8ajje2l', 'byw8jsqv', 'y98bleop']
2120	['eywnnzxe', 'byw8jsqv', '9f0bjknz', 'ruewzstg', 'ckswlo9o']
2123	['3mk8dwf9', '0igh53pl', 'j67qgjbj', 'd3pxk5tr', 'h7vqmlq9']
2125	['pgasbdpp', 'd4eae8g3', 'pmd1n2l1', 'ogrlupbx', '6d3qvtne']
2132	['6a728le9', '9kk8pevp', 'vnb7g17n', 'pn516wom', '58qneoj5']
2139	['duqgd4gs', 'xdbtwiqw', 'v4ubd1l6', '1mx3jrup', 'mom4y7cl']
2149	['9jfclm9c', '13kzv4b2', 'of16ewcj', 'xoduxbst', 'l63d9lyd']
2154	['ffy19pp9', 'cmp1bvhd', 'faj85qxc', '2lanvyia', 'f0wzxv39']
2160	['zycgczqy', 'f96qs295', 'db8fl9d2', '9b6cepf4', 'rpwmcqbg']
2161	['urv9o2f1', 'pdd5wepz', 'dsfbmhbj', '0aqww7cz', '23n5r8qj']
2162	['7wu8bfo4', 'ruewzstg', '8l5i1z27', '8t4rnfyu', 'o86wki37']
2172	['tra5ewc5', '763v4duh', 'f96qs295', '0r0zdpds', '2tre0wat']
2185	['xe8t3uqp', 'xneu8glk', '0pcgcbjw', 'xqpsdc8u', 'z1y1zgo8']
2199	['407va85q', 'fien6nra', 'ivy95jpw', '2l883zhe', 'mo23hpe1']
2200	['909kmcwv', '8pkwqg5j', '6g4oclln', 'l1rnnebt', 'zbbh6wl3']
2201	['urj0nssb', 'dksw5yzp', 'uliopaz0', 'zsygn29p', 'gc9eg5j3']
2210	['k0v1axmd', '11xjl53c', 'fquzwsiu', 'z8758x5u', 'awfgfmx1']
2236	['eydniusb', 'p1w0p6b3', 'uyrg5bed', 'ldcim3cw', 'awm7dj9o']
2246	['qjqk8xge', 'zrg21jgx', 'd0cd89hs', 'fsa9o8ve', 'r09wzv43']
2251	['95wclabe', 'aq2iz9tq', 'p10cya94', 'h29zzmla', 'kc6dls2z']
2256	['28wn23nl', 'j8666ial', 'jfdwo189', 'hgph0vx4', 'r6r7k3zr']
2259	['q7vv128t', 'znswomwk', 'wxor6kg3', '8glhd9xe', '1peg3502']
2263	['9pb2eqoa', 'r58aohnu', 'h7ftu3ax', 'w0ebmg16', 'f96qs295']
2269	['nr0fu2qb', 'wq92nfnd', '1s8jzzwg', 'opjfy3xr', 'mja2qlpk']
2284	['sdij1d90', 't5iz3vdz', '3ss714ha', 'j3b964oz', 'd0s3vl2w']
2287	['8cvjsisw', 'dyxfsojh', '9wnkmn27', 'f2zgrgva', '104lecie']
2308	['xmiefdez', 'qvuuhkg6', 'nosh8awp', '1tz7y2sh', 'taz8f384']
2313	['xsk68m5f', '6pn9jwfn', 'l6oe215a', 'osol7wdp', 'dq6iyabh']
2318	['6gcahsgs', 'ifovibzi', 'ylqpkosd', 'vgmzb03s', 'zsra2yz3']
2334	['2dvljm27', 'nbn44sxq', 'mq4elsnc', 'dcmlei8z', 'utc0qrax']
2368	['6fpw6y8t', 'soa71kwx', 'gi3vfi68', 'jnwuu08w', 'rlr17nah']
2377	['m69ceq2t', 'otp1atui', 'iimx8nt8', 'q8l3ra55', 'yr27lnq8']
2427	['bttme4wn', 'wbsl6n67', 'pvrh2mqa', '798ajlwl', '8uomx7hu']
2429	['tv1a1hwj', 'bpnqz1cn', '9s9ctu9i', 'lht6lhry', 'q9d54z1s']
2432	['hbvwm62l', 'd9rd5392', 'b6bl0xrc', 'q1yr7cnl', 'or30thq4']
2436	['wzyj4y30', 'myeiu66g', 'zzscey1f', '2ierk83o', 'llv66c9p']
2438	['5rkxs2w3', '0oxo2awm', 'sm0112e3', 'joy8utv1', 'xshqu7qm']
2450	['vdfnrh9k', 'hlv5zb0s', 'm8hkj1dm', 'lldu8qv9', 'ois60wyj']
2470	['d4eae8g3', 'ogrlupbx', 'dobxp4uy', 'hi4a02kw', 'ereh4ub8']
2474	['ypt4kt78', 'bmt2zpmv', '855atuue', 'z6cdyy0w', '4mblzyxk']
2477	['itx70h27', '6age8sqe', 'v1uoy0sd', 'f4x16qyh', 'iz6nrfpc']
2485	['3u3i5myh', '4ylt5rhg', '54fmvcl5', 'w45ih46q', 'z6elaxpc']
2489	['71cxwu1t', 'kfjgy6wl', '8nk7pplh', 'rowmrr84', 'dkderykk']
2492	['z1y1zgo8', 'rpjg4a9i', 'cfd1x420', '25bdifv6', 'r1m709hb']
2502	['fz14yjvm', 'n4qil86v', 'fxvro3wl', 'khymg0zr', 'm8xfza1d']
2505	['v5beddu4', 'plzklj7c', 'b4mjo92p', 'l63d9lyd', '6qwj922f']
2517	['qeqd4soe', '2v6zigt8', 'roe6g61u', 'd21lvneh', 'ivxvry3u']
2545	['qj1v04cf', 'k36t200n', 'cd7cfpx3', '518rjfnc', 'uqpxs7et']
2552	['m13ndhaz', 'xxm6o1l1', 'w1jjy29i', '1vyfy7i0', '0kqlxx26']
2558	['7wu8bfo4', 'ruewzstg', 'dljqpvyk', '7a543f7v', '78t2h7st']
2559	['e5v9e584', 'rk9hsw2b', '7o97t2t7', 'yjqt74q0', 'rv2padg9']
2561	['fqdu9uo0', 'qh59uqx4', '3rjsyp8b', '304aayyq', 'uc0qkegm']
2588	['jyxrk9bz', 'x64zft78', 'k7smwz6w', '5rpd8d0t', '37gpov43']
2591	['n5bqf6rj', 'f74g59b0', 'ykxr9q1j', 'y7s6qt6j', 'pc2cnhjd']
2594	['8d6vcqr3', 'rcbr4rvt', 'ya18okpb', 'xqcs4j0g', 'z4ibcgea']
2599	['rhgl6vss', 'hitaptnp', 'z9jqbliw', 'ay7gv9lv', 'cqv2cv9r']
2639	['qemhdkz7', 'qpzg8lam', '5xfgmi2n', 'ya18okpb', 'bfm45zas']
2646	['db8fl9d2', 'qdw86v8i', 'l4y7v729', 'wzqdo1st', '33wqmdnk']
2659	['jk0ju2eb', '7wu8bfo4', 'lav0kp21', '3eq34w2u', 'uuxo3jk9']
2679	['cd7cfpx3', '6qwj922f', 'cb3u1s7s', 'b4mjo92p', 'rfv0omd6']
2681	['l16a5nq7', '6hl55c60', 'jc5ik84m', 'xj65j05e', 'kjgyjk2g']
2686	['9b6cepf4', 'db8fl9d2', 'qdw86v8i', 'zycgczqy', 'opjfy3xr']
2694	['9b6cepf4', '2fokjcjr', 'qi1henyy', 'l4y7v729', 'pu12u627']
2695	['9b6cepf4', 'db8fl9d2', 'wzqdo1st', '2tre0wat', 'f96qs295']
2698	['i8jv5iqo', 'oz047qmf', 'uxz185vr', 'eyhgtpe0', 'vvx3zukm']
2719	['gg5c8v7d', 'm4u4ulml', 'sjqt01gr', 'zqg1r6c8', 'l4zku2e9']
2733	['snk26ii3', 'jdo7afuh', '6h83xzqe', '0o7rm667', 'gk1avld0']
2740	['mz7b6ey3', 'fe14iohb', 'konern28', 'lbxg93hl', '60en5zy7']
2745	['y1cazbqu', '3c1fujrd', 'ah8mzt1g', '6h83xzqe', 'y2ezdqhr']
2773	['94k9cai0', 'vjntos25', 'bs8tdve2', '597jqeoj', 'q7ixed9f']
2787	['vvmb92wo', '1s8jzzwg', 's86zb5up', 'h7ftu3ax', 'ropgq7tr']
2796	['726t123x', 'l2i3aa3k', 'opjfy3xr', 'vrs88dcy', 'wq92nfnd']
2801	['geo7ac5i', 'x44oc1k6', 'd0cd89hs', 'tov6uq27', 'tlr243il']
2814	['rm6av6sj', 'gydzq4n3', '24t0lunz', 't13pehgc', '4dsq1dds']
2825	['a66sszp2', '7kxi7px1', 'mbam5s7p', 'gunn55f9', 'n311ptne']
2827	['ajmelb8a', 'sdij1d90', 'hvp47bm2', 'kjf63oug', 'lgnhlxgd']
2850	['d6ho2b4b', 'xykncac7', '7np944lw', '19d29mnp', 'oxa060jf']
2859	['v85v5o51', 'eiomk2fh', 'w7smahni', 'iseh0z9c', 'y74qhqw7']
2861	['ec3pmvih', '5nv3ec5l', 'ubomj70f', '607lsqlg', 'rmyy6fni']
2865	['8dc7andx', '7b7on38r', 'bawgldfi', 'jw6kh8os', '1ma4hp52']
2874	['q7vv128t', 'ec13mu0q', '71ixs3y4', '1jcvi6sp', 'imheos0p']
2897	['rm6av6sj', '24t0lunz', '18b6ikq3', 'mzekhyu0', 't13pehgc']
2912	['6o7q57xl', 'ix48o00j', 'u9nmqcgs', '43z85jsb', 'g9com45e']
2932	['24yfnzq2', 'rv2padg9', 'wbix36hf', 't5k8o6sb', 'hpj8gb4o']
2934	['g9btjkcn', '6x8xp62f', '3ubithu4', 'tjhz8bdb', 'efox6z5q']
2937	['sb9ckivs', 'b0g8y96j', '0e5gqepz', 'roev0cye', '0x3uihto']
2942	['flxbomsx', 'tk7eturq', '3jgm3uhs', 'xr70oiv3', 'w1azm2mc']
2947	['mcmqx7og', 'wq92nfnd', 'yn2aylru', 'cpbu3fv3', '1zuhilmu']
2963	['eczga3ur', 'ksveiiid', 'ratbgibg', 'ta3zlz4z', 'nl1ud0rz']
2966	['q9bwvh0t', 'qp34apct', '29z4q4fs', 'ijdk1nnc', 'urv9o2f1']
2980	['snk26ii3', 'e7gq365q', 'ok9o9tta', 'w3m884ng', 'd60chk12']
2986	['0emibwp3', 'ey0r1py7', 'zycgczqy', 'wq92nfnd', 'yrowv62k']
2995	['23gax7wp', '222ci300', 'ulwirxeu', 'hdhpmhaa', '0chuwvg6']
3000	['1s8jzzwg', '0emibwp3', '3fiqpart', 'wq92nfnd', 'f96qs295']
3001	['u3832seg', '0i12e4tn', 'e4xw6gyp', '72jwlfqr', 'lxdcelk1']
3023	['x9zg7ulr', 'soa71kwx', 'lzwgyzdp', 'nzat41wu', 'plgip4h6']
3024	['vvuaegse', '9wn91fj2', 'fm8koqjd', 'q10pvwf5', 'yg0ovmu5']
3040	['xui25c83', '1peg3502', '2hkdhwaw', 'fpexa30s', 'y98bleop']
3054	['hw4plghg', '2egb0ftb', 'i34erq0e', 'qgt7tau1', 'flgmnr70']
3059	['zpavu0eh', 'n8x0ab22', '6rhgg4h2', '1ad18z11', 'uejtwgar']
3060	['kjr6dcqv', 'dti9o5x3', '0zjpvzof', 'n2ih64pz', 'f5ehif2w']
3066	['8w2t6u96', 'd7tensxh', '3jn7tdaj', 'ca3h96bx', 'qhrwngde']
3071	['6mfd3n4s', 'is9a77dk', 'geo7ac5i', 'i8jv5iqo', 'oe7fzahb']
3081	['3u3i5myh', 'taz8f384', 'nosh8awp', '7pqy0ejn', 'urv9o2f1']
3114	['2q87yv17', 'pv7tgwcg', 'wo9gg7nx', 't7bonus8', 'g05z8cux']
3116	['s6zoqu8a', 'sb5ce0g3', 'dqpujzo8', 'o8lasxcb', 'xzps65et']
3122	['vbe9ptjq', 'wqtemjy3', 'mobl9jp5', 'fytashvs', 'bttme4wn']
3129	['cyfdvgvy', 'olv2kuwx', 't97pdl4u', 'xof56j98', 'otp1atui']
3135	['dkderykk', 'qmo1zzkg', 'ikon1ktb', 'gg5c8v7d', 'kuvdbr09']
3145	['snsjrjx3', '42wh36ge', 'hwczi82m', 'qwax5tg9', 'fs5100nn']
3163	['gbf8beq4', '23n5r8qj', 'ofbnzo6n', 'g0cgjlok', 'dti9o5x3']
3169	['30zb578s', 'uc0qkegm', 'u479i1y8', 'fqdu9uo0', 'mmnfyz6y']
3180	['n9aqux5a', 'c9fg1ni6', '4ylt5rhg', 'jmu2cfnd', '8l5i1z27']
3199	['ruewzstg', '4ylt5rhg', '8l5i1z27', 'cj3cpn5j', 'nosh8awp']
3221	['k1n00gir', 'p9qeaedh', '6hehg1yf', 'lanpynie', 'cplyj4dm']
3245	['l346qqwp', 'ledopkwj', '34j9n40u', '0igh53pl', 'eu2vjpw9']
3268	['tk7eturq', 'ijsn8d7b', '0chuwvg6', 'cpeizrdb', 'a17tumo7']
3269	['ut4d68ti', 'k9mbmgvr', 'atd6bg76', 'kk5adtim', 'rcaxap24']
3275	['r0taoqsw', 'd2s3170w', 'e9xx6mhg', 'rr87vhd0', 's8nx7wim']
3277	['6k0nhmg9', 'y89e2dju', 'jk0ju2eb', '6j45mmjh', 'pm9cl9ps']
3282	['yji3hwf3', 'k4k3kcrh', 'x208624q', 's2tdo7bn', 'emsf4i9c']
3297	['li8kvzdh', '121p2shq', 'ljpeq5aw', 'c5be70t6', '6hl6rtsh']
3298	['407va85q', '2l883zhe', 'rh2jrojk', 'nz976qc6', 'd21lvneh']
3300	['vj6sw2ne', 'ecobfbpg', '8gl323hs', '7objlrqa', '30pl5tx3']
3319	['2f09vauy', 'e7uvbra5', '5bk0w0sa', 'ljpeq5aw', 'xd5uhah4']
3330	['dtja6m6w', 'pavd7sj3', 'v10454ns', 'td3drkgw', 'zbkx78mm']
3334	['ueid1mma', '2veblo5v', 'mut94ov1', 'hib9l7yz', 'on1y4mdw']
3347	['yc7cvbii', 'sdtr6yla', 'k0eheo71', 't6vojtu8', '40vsmpfv']
3349	['rpjg4a9i', 'z1y1zgo8', 'cfd1x420', 'k2zrdjyo', 'krg8jvfz']
3350	['41yfx1ev', 'n3xm6c0y', 'urj0nssb', '8jxacsfr', '039k70vs']
3355	['qeqd4soe', '9wnkmn27', '2v6zigt8', '407va85q', 'ivxvry3u']
3358	['vu1f1hp6', 'fh0zym9r', 'eywnnzxe', 'jfvq2gfx', 'oa81rhdb']
3364	['lvydhfej', 'd21lvneh', 'jiunpwz9', '28lojtvu', 'xnrb0byz']
3370	['rthsl7a9', 'jrqlhjsm', 'ktv6fk7q', 'sg1e404x', '00ia8k0b']
3430	['fe456in0', 'j46bet38', 'df65w0lx', '6vqf2n5j', '9452kqc0']
3450	['d4eae8g3', 'pquv37jl', 'cwdtyr1v', 'hi4a02kw', 'dobxp4uy']
3451	['0n51j2jo', 'r0taoqsw', 'y5a9xtr5', 'wm6iem8d', 'd2s3170w']
3459	['bwmpamea', 'ueb7mjnv', 'vdejfuuy', '45r6aieu', '0e97tdez']
3463	['dpyz8uh4', '3f0pgo4z', 'park7t3g', 'hmjaz4kc', 'foopvh5z']
3476	['7wu8bfo4', 'elu3dztf', 'ok9o9tta', 'yink1e6b', 'x44oc1k6']
3481	['f96qs295', 'wq92nfnd', 'ximw03ej', 'opjfy3xr', 'tra5ewc5']
3485	['3sr2exq9', 'k0f4cwig', '8j3bb6zx', 'sv48gjkk', 'ffwdsnx7']
3486	['zpxnr9s9', 'na3c21pf', 'dx53hxej', '597jqeoj', 'fteydbm8']
3491	['mlozjg9h', 'ghssymgb', '306381wy', 'lvykuqv8', 'fjzhe9tp']
3502	['eml8uilb', 'gjustwrb', 'p2cbfzmp', '6gq5obgs', 'kmuwb9ia']
3503	['3u3i5myh', 'lby3xhmp', 'ijzoa0yn', 'z6elaxpc', 'wl2iuup5']
3507	['hw2s28hs', 'q7vv128t', 'ouno4jpl', '0zun27k4', '05djnz4p']
3508	['io8mozoe', '4cy3er3y', 'a0dvzhc8', 'ijdk1nnc', 'iyopfos0']
3509	['1qwq3jme', '8gub6wmy', 'ksveiiid', '167f4gyg', '35vfjer8']
3511	['ngbnnpni', '4et61my3', 'rytw6rfd', 'entkqcn3', 'ngpl6xs1']
3518	['9kk8pevp', 'vnb7g17n', 'fynl88p5', '6a728le9', 'pn516wom']
3529	['k4ttbbix', '43eh69dx', 'uv5jctnd', '5rpd8d0t', '37gpov43']
3549	['75cnqi4v', '5kz2s7ag', 'v0y734lu', 'yhun6hid', 'oa81rhdb']
3551	['z35xw2p0', 'f35cqkpf', 'ijsn8d7b', '7j4i6eud', '6kbdxhxv']
3566	['vp2t4xkn', 'qqdcs77q', '7pqy0ejn', 'del20ax2', 'ofgv3p8y']
3568	['9gqonmf5', 'v3lcyzj5', 'eoumpu50', 'v60ydkm6', '04n7uz4s']
3570	['t1ughb9b', '63b7yidq', 'yb9uyov3', 'suqkidrm', 'jswlq6wp']
3573	['6rpm4phy', 'pqt10xzt', 'h13p6ogs', '4hmecfi0', '72f64kpf']
3603	['iwd8nkls', 'onjgfr4j', 'g5k0po72', 'kc5zizqa', 'gmp22v65']
3617	['dsfbmhbj', 'q9bwvh0t', '7a7oi5dt', 'pfh6nm9r', '81rxs247']
3626	['nr0fu2qb', 'jb455t9p', 'iu1d9i57', 'wq92nfnd', 'umvrwgaw']
3647	['ec3pmvih', 'vqswp96l', '5nv3ec5l', '84z7jgcl', 'rmyy6fni']
3660	['saxtdqvh', 'mfziqu80', 'ph7lkuus', 'o4ri7t16', 'ls4qfvwq']
3719	['8ncc6d2n', 'nli8ccyv', 'dyrn6z9a', 'z8ajje2l', 'xld7ztx5']
3732	['ax3e82js', 'r76tqrwz', '0r580il2', '407va85q', '1l4o9pko']
3733	['ax3e82js', 'r76tqrwz', 'm0598zrc', 'jiunpwz9', 'fien6nra']
3734	['b8mx2wrg', '2kft1r3l', 'sybr04qy', '5yi8lm2e', 'zy48nad1']
3735	['u0vhs2d7', 'hert77y1', 'ijlgjdep', 'e6miaabh', 't7bonus8']
3737	['qdw86v8i', '2tre0wat', 'db8fl9d2', '763v4duh', '9b6cepf4']
3761	['jz3gnise', 'bvspk12e', 't4custhp', 'ijlgjdep', 'sbjwaj3y']
3764	['sljh3o2k', 'uqfwx4nk', 'a2m0wswj', 'rcsohu4m', 'sdumu9yd']
3798	['7xt894vr', '9x9toshx', '998a0aoc', 's7wykoze', 'a8u31pkr']
3801	['7xt894vr', 's7wykoze', '9x9toshx', '998a0aoc', 'mru0mcup']
3804	['oyplh9cn', 'tgrh7ap4', 'xmqdk2wz', 'r4btmprw', '78qsuc5l']
3808	['0ljild6h', 'tos222y2', '5g4smxpv', 'my02g4vc', 'snk26ii3']
3838	['s9lkvzpo', 'pgek4scy', 'pta8enbu', '1mx3jrup', 'xzn11n74']
3843	['y74qhqw7', 'fyy42zaf', 'npbzxwgu', 'moplus2n', 'v85v5o51']
3844	['4ohgr8j7', 'ykt09wpj', 'gap91mwc', 'ca1v4k3h', '94k9cai0']
3857	['2damkjcs', 'cht8xf0x', 'h7f3bkc2', 'bdxzphjb', 'v1egyqt4']
3874	['g4i4hkhz', '72jwlfqr', 'gw9hkw00', 'd3fpqczo', 't9hbbqay']
3882	['pvshw2pn', 'deas7kr0', 'fbcu88lv', 'tdxrx9se', 'ijdk1nnc']
3906	['1ihib857', '9zco6ofx', 'd2s3170w', 'wm6iem8d', '3jn7tdaj']
3908	['1ihib857', 'd2s3170w', '9zco6ofx', 'gtol0evh', 'rr87vhd0']
3914	['asphtor7', 'lsares5t', 'axxo94cr', 'wnpmwne1', 'uhs1nz2s']
3920	['s7v66pvg', 'l0l2ev29', 'yb6lmv1a', 'gvn2v6rt', 'n3swuykg']
3926	['otp1atui', 'yr27lnq8', 'flqdf8vd', '2u5zxc2i', '9ige2pwd']
3941	['ps5crd29', 'furicopj', 'x220pjeg', 'evuixig8', 'ehszmbnc']
3942	['c3wkwn0u', 'l4a7y0bz', '68cgub5o', 'tjhz8bdb', 'bf9omgla']
3944	['qfq1nfcn', 'zvlbs4cc', 'ssskg86y', 'qn18rhcs', 'x9veckdi']
3963	['dnm7s947', 'zowgwnjq', 'fe14iohb', '6x3qopgt', '3zdv9zim']
3995	['92tvskxw', 'm41w2007', 'y89e2dju', 'pm9cl9ps', '1nk1t5qs']
3998	['vy21fxfd', '2a12nsnl', 'leqluxpl', 'nzfpgxa0', 'j4bfn87k']
4005	['fcb8egak', 'mhj9o5z5', '4j8b8z4t', 'b31ctbat', 's7sq53zy']
4016	['xd5uhah4', '6pn9jwfn', 'a242g5kg', 'li8kvzdh', '0emibwp3']
4020	['zowgwnjq', 'lbxg93hl', 'dnm7s947', 'fe14iohb', '8g70j0qw']
4055	['p8ckcvyj', 'clrlg58a', 'rc6cza9r', '0w905c2x', '0vwspd6l']
4066	['dcfqvp4p', 'x44oc1k6', 'n2kn7o67', 'trrg1mnw', '25aj8rj5']
4073	['io8mozoe', 'hxyn84jt', 'puu8wib8', 'ebfhlpcg', 'dmqk247e']
4075	['v5beddu4', '9ixpj162', 'plzklj7c', 'b4mjo92p', 'ypvzanog']
4077	['v5beddu4', 'plzklj7c', 'b4mjo92p', 'k36t200n', '9e6g15iw']
4081	['66obkrxp', 'qlfp54io', 'y0wu60n4', '0jvoa3ui', 'dqpujzo8']
4093	['v5beddu4', 'b4mjo92p', 'plzklj7c', 'k36t200n', 'irx4pcsx']
4099	['t7xaqtgo', 'yt2fp8zl', 'ji3s6rnu', '6a1fl65b', 'cq5z8lqu']
4153	['est5jx7g', 'irk1gxeq', 'trrg1mnw', '5xk20hs5', '7015mpuh']
4169	['rm6av6sj', '18b6ikq3', 'uv5jctnd', 'k4ttbbix', 'vz8eu3vc']
4177	['07a30kd9', 'wku1sd9k', '5ah2yf59', '0loj2fsm', '0vhy44iq']
4186	['z4s7u17l', '6hnts5l2', 'oxa060jf', '89ic6lmt', 'zaibt2fq']
4189	['ax3e82js', 'r76tqrwz', '1l4o9pko', '0r580il2', 'tq2vdo88']
4197	['039k70vs', 'urj0nssb', 'x44oc1k6', 'uliopaz0', '41yfx1ev']
4199	['io8mozoe', 'yg0ovmu5', 'puu8wib8', 'rnilge14', 'wd13eb5s']
4205	['ybcr7clp', 'fo815n5l', 'ppuki7qn', 'jfpa3rih', 'tvhn7lnu']
4218	['0mwz8kwo', 'd3fpqczo', 'f6vau5s6', 'd4upbc3v', 'tq41ioyt']
4220	['3c1fujrd', 'i88ccp9w', '915nac0z', 'psk1lnff', '8796x4ne']
4224	['qeqd4soe', 'roe6g61u', '2v6zigt8', 'ivy95jpw', 'ivxvry3u']
4230	['a5w7tbtp', 'ehmy9al1', 'lyhdeks1', '5f5npz07', '04n7uz4s']
4241	['cvxni7cd', '8xvqq5eh', 'w0lgteil', '39nzvid1', '02bk8vtk']
4254	['x0cs571f', 'pp373xuc', '46y1pa7o', '8n4zf9oo', 'e6m1tkrs']
4270	['53v1olqq', 'uazqkay9', 'wr4r7jd8', 'lvw0cnwj', 'olhgu24h']
4271	['1hfvmyfs', 'ickqi7iw', 'gvaslwh9', 'gcecgi3n', 'nln6pl3h']
4276	['1s8jzzwg', 'a0q61mpi', 'h7ftu3ax', 'ktjhr028', 'eyxag4xd']
4294	['ktm0akxd', 'bre2ijbb', 'dblqryhy', 'q93luiw2', 'k5jkntul']
4299	['1wui9gwa', 'hxpqexi1', 'gha1wg4w', '4iuxm6z2', '9jsx2z6e']
4303	['a9prti0f', '21qgukm1', '3swdnn29', '1mu1o8rj', '1nqbqmum']
4312	['ixvsemvw', 'pspko62f', 'hgph0vx4', 'ipdrujuv', 'bfmcqcq1']
4314	['5u63aqo5', '2a12nsnl', 'mfziqu80', 'pindjvhk', 'nzfpgxa0']
4335	['zmkvs7e7', 'o5wugbzo', 'fe14iohb', 'l3k9bb5m', '09fmkhu5']
4349	['soa71kwx', 'xs7vkm19', '121p2shq', 'ftxgcgkb', '05vmhjjp']
4376	['bzeqs5oh', 'mjb3ip7a', 'ax3e82js', 'te0v91nr', '6a1fl65b']
4382	['g4k0ksr8', '88ivkkaw', 'v1ei9im8', 't1rtrbtd', 'sruhwd8j']
4388	['vmmztj0a', '60sbhzfs', 'w036x5gr', '121p2shq', 'lzgwxshi']
4392	['iiafud87', 'k8xp61uu', '0shy9q2l', '5053t5ki', '1ef8ac5c']
4411	['qi1henyy', 'l4y7v729', 'umvrwgaw', '844229sb', 'w3ls1d7w']
4418	['5sfojk7y', '3xvphg52', '10dkpj5h', 'hfbi7sk5', 'ozt85cz2']
4423	['9b6cepf4', 'db8fl9d2', 'qdw86v8i', 'zycgczqy', 'f96qs295']
4449	['vmmztj0a', '4vjpu9t1', 'li8kvzdh', 'jk0ju2eb', '0emibwp3']
4456	['li8kvzdh', 'ljpeq5aw', 'jb455t9p', 'nr0fu2qb', '1vcc1khg']
4459	['apfimvix', '20xgqvxc', 'qfrabyp7', 'lkb09vs8', 'vprj63y2']
4460	['ljpeq5aw', 'c5be70t6', 'e7uvbra5', '2f09vauy', '121p2shq']
4478	['ttpbs13r', 'hunepli1', 'us518bwp', '5lqjmqu5', 'q9bwvh0t']
4480	['tx2krngu', 'jbpocl1k', 'kkbkh4yi', '8sed3htx', 'x44oc1k6']
4496	['8bjfoa9g', 'y14lw5b2', '9v6f2274', 'unl3n0tn', 'qc6untrw']
4497	['uliopaz0', 'bsq640o8', 'n2ih64pz', '23n5r8qj', '1mu1o8rj']
4498	['n5qfwl57', 'zvmwubuk', 'iqe6sdq2', 'z2jtzsl6', 'pxhetma5']
4506	['bf42staf', '105ezycx', 'qh7biax3', '137662w0', 'kd7s0mqd']
4510	['fjuehj70', 'vp78d808', 'hbyxy4ln', '9f7k0q1h', '76aij6sx']
4514	['d7024aia', '4et61my3', 'z94skip6', 'rytw6rfd', 'wgfdd3lm']
4529	['v4ubd1l6', 'ez1l3m4o', 'mom4y7cl', 'b8c309hj', 'xdbtwiqw']
4541	['x9zg7ulr', 'c84lpxrn', '5s1uj2qi', 'lzwgyzdp', 'ls408b2b']
4544	['3b63v8ja', 'gpdr4gfh', 'p297b5oh', 'dcli6uaq', 's7sq53zy']
4561	['t0iw2vod', '0mwz8kwo', '9qsqj91d', 'ropgq7tr', 'usyduiti']
4584	['vvmb92wo', '0emibwp3', '1zuhilmu', '1s8jzzwg', 't0iw2vod']
4586	['qdw86v8i', '9b6cepf4', 'db8fl9d2', 'e63j8gci', 'zycgczqy']
4595	['lt7qsxxh', 'nxabdur3', 'pq85mvab', 's3qkscw7', 'h1sura49']
4610	['gjustwrb', 'hhy9g1yf', 'wkz2ammt', 'k7sg7gzd', '9x1d1kp1']
4626	['xsqgrd5l', 'lpbb4rga', 'q5wiqpcb', '65efipbi', '8m59whf9']
4640	['tmdsyzyt', 'mt61b7o7', 'd7tk12u2', '80kxz7yr', '0yr25cxn']
4670	['1hfvmyfs', '86auifl6', 'zmc0kl4r', 'r1tl2hrk', 'd78zcfls']
4676	['q9bwvh0t', 'hunepli1', 'o1xsjx2p', '855atuue', 'r5v2gi3v']
4696	['s2e56ety', 'von13s78', 'nmmayjcp', 'hjdt44rc', '8oi7ptfj']
4697	['1s8jzzwg', 'wq92nfnd', 'f96qs295', 'opjfy3xr', '0emibwp3']
4706	['hjdt44rc', 'zjujs11q', 'qgxo9cr7', '7obhnmah', 'mgwx0u6x']
4707	['von13s78', 'daj5g788', 'hngra91q', 'ypt4kt78', 'hjdt44rc']
4708	['8iqs6jko', 'q3mx0hf1', 'q4aqkr0w', 'dxrltm25', 'w0ebmg16']
4709	['von13s78', 'y203109o', 'hjdt44rc', 'hu2lg6i7', '8oi7ptfj']
4717	['rr87vhd0', 'd2s3170w', '1ihib857', 'o8lasxcb', '3jn7tdaj']
4720	['tplp90or', '2f09vauy', 'mwj0xc3q', 'e7uvbra5', 'jxsldz4o']
4724	['0u14wypb', 'z92xqedn', 'hkk23tqt', 'rr0v0ju1', 'hwpn7ti1']
4726	['dmrtj9xl', 'yq0c19sn', 's4l216x9', 'bi9fid5f', 'tp6co59t']
4730	['b9nsh19x', 'jr92ou2e', 'y7v9zc6w', '5rdsn2mn', '4socpj73']
4767	['t0iw2vod', 'f96qs295', '0emibwp3', 'vvmb92wo', 'qi1henyy']
4772	['szekvw7e', 'drb8ipix', 'c65kvmic', 'tx2dwo04', 'eazb8y8k']
4782	['80yu5aiv', '1s8jzzwg', '0emibwp3', 'ai60maqz', 'wcq3qqt4']
4785	['7wu8bfo4', '1iago9rr', 'y98bleop', 'ltga2btq', 'ruewzstg']
4804	['zs6sjlyn', 'cpp2l8n5', 'm5k28kbu', 'ts4cn0qc', 'hfhjjwbl']
4809	['3cr97dii', '1vd4j3qc', '7f33cu6l', '02p4et0u', 'b0wy5zz4']
4814	['3jn7tdaj', 'w3d33mq0', 'vc6j8ao2', 'wcq3qqt4', '7wu8bfo4']
4822	['8n4zf9oo', 'c5be70t6', '121p2shq', 'li8kvzdh', '3kde69wy']
4853	['7zngkwoh', 'ropgq7tr', '844229sb', '1vcc1khg', 'w3ls1d7w']
4884	['ckswlo9o', 'nosh8awp', 'taz8f384', 'ypt4kt78', '748c97u7']
4894	['ypls4zau', '9n7bkayx', 'mlo8zypy', 'ryj83uw3', '91ea40nz']
4901	['szekvw7e', 'oxa060jf', '28fu4ptm', '78d7vub4', 'e7gq365q']
4928	['mbam5s7p', 'zhh2c89o', '0an1j8wk', 'mx30g5w8', '09vzcqyr']
4955	['kl2766oe', 'ch4ouyvj', 'xwax7o13', 'rpxw3a01', '2ax0z8r6']
4962	['rk9hsw2b', '9pn62o4p', 'ok33bqqg', '6wpyxcuy', 'nzy970he']
5001	['bn0fegqg', 'b8c309hj', 'ug239kup', 'e9ntnp5r', 'ez1l3m4o']
5004	['f6l0hwyw', 'l2i3aa3k', 'fq9wx29o', 'xnrp2tpd', '1n2r829p']
5008	['1peg3502', 'fpexa30s', 'foy3dsq4', 'wdfzrzkt', 'sfm82h0g']
5020	['7015mpuh', 'trrg1mnw', 'ce1a9k8b', '1v8xf5uy', 'kb3xi0fk']
5022	['9s9ctu9i', 'jvood8ur', 'gduako3g', 'ji3s6rnu', '6nsoj5we']
5039	['gjsrfmj4', 'dti9o5x3', 'dksw5yzp', 'zr4pw0e7', 'g6i3x433']
5048	['a0q61mpi', '1s8jzzwg', '9b6cepf4', 'w1bx4a7v', 'xtmn1n0r']
5055	['urv9o2f1', '3rxsplrl', 'ltga2btq', 'riwojb40', 'ruewzstg']
5069	['7wu8bfo4', '1pemhh4n', 'su028g3j', '8l5i1z27', 'taz8f384']
5082	['9b6cepf4', 'qdw86v8i', 'db8fl9d2', 'zycgczqy', 'rpwmcqbg']
5084	['od5nnxvg', '3fiqpart', '5zn5mgi9', 'aawjla6h', 'fxvro3wl']
5090	['r4btmprw', 'xmqdk2wz', 'ho6qjkyr', 'tgrh7ap4', 'oyplh9cn']
5097	['hduwjbtq', 'ktv6fk7q', 'mb18fj8a', 'hpr8rt9n', 'mamtxi9v']
5098	['w3ls1d7w', 'xtraspw2', 'z86g8dzs', '1s8jzzwg', '9pb2eqoa']
5101	['khymg0zr', 'be4afbyo', 'dgng39yd', 'lvw0cnwj', '5zn5mgi9']
5107	['80yu5aiv', 'vu1f1hp6', '8b0bjxdt', '726t123x', '7o97t2t7']
5109	['ps5crd29', 'yw81byd0', 'ickzzm6y', 'mwj0xc3q', 'ypt4kt78']
5111	['qp34apct', 'lby3xhmp', 'q9bwvh0t', 'y349r3r6', '9ok153yl']
5154	['ivy95jpw', 'qeqd4soe', 's0ca1r5s', '407va85q', 'l97yi8l9']
5178	['0x3uihto', 'e62t4wrn', 'ojw27c8o', 'jk0ju2eb', 'uqmblefe']
5184	['pavd7sj3', 'dtja6m6w', 'hjmjav50', 'pxhetma5', 'otme0vmu']
5190	['7yias3rj', '4rzttwyp', '9ud32cvb', 'z3ktkgyp', '7hvq9qaj']
5212	['jvo0nk3w', 'u3ympejy', 'eecwjrdc', 'l19nsvun', 'ijsn8d7b']
5218	['b9nsh19x', 'jr92ou2e', '5rdsn2mn', 'zrjvpoq0', 'riwojb40']
5240	['h65g7bf2', 'uka69z83', '4hog76lx', 'tgstsac6', 'jdob76wp']
5242	['3kng7qea', 'a242g5kg', 'yn2aylru', '53zopedx', '7xb7hj9u']
5255	['6i9yw83j', '1ddrc37c', 'zvlbs4cc', 'ok9o9tta', 't5czylod']
5276	['24t0lunz', 'i5h0gm3u', '5rpd8d0t', 't13pehgc', 'x64zft78']
5298	['9b6cepf4', '2tre0wat', 'db8fl9d2', 'wzqdo1st', 'qdw86v8i']
5303	['vwmjf326', 'a4kjk836', 'tmnfcs7r', 'ziaiufzs', '7pcnf2iv']
5311	['f6li7qil', 'z1y1zgo8', '5q6cnfse', 'eewr8ynb', '5s1zz2lm']
5313	['q1nye2ih', '32ua8wb6', 'lzwgyzdp', 'rej743ia', 'ogsj01s1']
5317	['2firaix6', 'feecx1ig', 'l5nncxqo', 'i55203bt', 'ca1v4k3h']
5320	['hqapg5ow', '0emibwp3', 'u8mu4yga', 't0iw2vod', 'opjfy3xr']
5323	['r58aohnu', 'vvmb92wo', 'nr0fu2qb', 'f96qs295', 'usyduiti']
5328	['vvmb92wo', '0emibwp3', 't0iw2vod', 'ohkki0ke', 'gin90aef']
5333	['r09wzv43', 'h0iynw2w', '82afil03', 'qxqo23i9', 'boew323c']
5366	['9pb2eqoa', 'h7ftu3ax', 'e1mnj7bf', 'upiu3e2d', 'w3ls1d7w']
5399	['mom4y7cl', 'nl1ud0rz', 'q3db7v16', '8aosx41e', 'shfkl0bs']
5410	['qqwqmn2z', '55hyrgvk', 'dzlqe7n5', 'fdn6h4gi', 'e04rm758']
5430	['ljpeq5aw', 'e7uvbra5', '2f09vauy', 'nr0fu2qb', 'uyzalds2']
5435	['9hzbi2yi', 'dtja6m6w', 'pavd7sj3', 'vu7bq4b2', 'otme0vmu']
5441	['xtmn1n0r', 'ropgq7tr', '1vcc1khg', 'x9sfgtim', 'mja2qlpk']
5446	['7xb7hj9u', 'xd5uhah4', 'li8kvzdh', '121p2shq', 'pjh2lr22']
5455	['ej9qbrt8', '4hog76lx', 'vbx8khih', 'o9mq3auf', 'r9udnmky']
5460	['qcssljgq', '7pbrnn2g', '4bw26042', 'egzlstrz', 'idg7c8wf']
5464	['cd81i918', 'l9bswegi', 'wv2gzahy', '39zvwm0s', 'k7sg7gzd']
5480	['t3dzso36', '53t1mhnb', 'nt1e70dv', '7xnga86x', 'ljlsvc9h']
5490	['2damkjcs', 'cht8xf0x', 'h7f3bkc2', 'xpwfoal7', 'skm4qtgx']
5492	['z94skip6', 'z77wg8j9', 'd7024aia', 'shfkl0bs', 'nl1ud0rz']
5497	['nxabdur3', 'lt7qsxxh', 'h1sura49', 'a242g5kg', '96lxmeqx']
5506	['lrqt2gcw', 'yr7ow4m4', '755ym7vl', 'aky3bja0', 'urv9o2f1']
5512	['518rjfnc', 'uqpxs7et', '3d74ihpp', 'pmd1n2l1', 'qj1v04cf']
5515	['x44oc1k6', '3itek36y', 'a54kdnxm', '74279s3p', 'geo7ac5i']
5523	['6j9x3pn5', '2nj7rn4q', 'aktcrflj', 'ratbgibg', 'dugllpsm']
5532	['tk0iwpnb', 'tp7wthiv', 'wt5qxe0j', '81rxs247', '9h4zzo5q']
5535	['1ov3eydq', '7esjlc7i', '407va85q', 'dqhdws5k', 'sygm6irl']
5623	['zvmwubuk', 'iqe6sdq2', 'w1pv8dsg', '8lzpz58y', 'yn9qcwvq']
5648	['icnjhhyy', 'lxzmiehr', '4mp1iu55', 'yw8a1ssd', 'glkjxl0t']
5663	['3znsneqq', 'ielatiaq', 'x208624q', 'y442ugst', 'i88ccp9w']
5667	['jdg8gsve', 'jw6kh8os', 'dfyshke7', 'krh63hqp', 'b4dz1lnn']
5668	['ie61xbks', 'f3eogz0n', '2cwvga0k', 'owbv8ua4', 'vqg3yx5m']
5671	['xt696aq9', 'vy21fxfd', '99irhqbu', 'j4bfn87k', 'vrrlub35']
5686	['o78vcy90', 'ltga2btq', 'fdkt6moe', 'sfm82h0g', 'edz3up3a']
5695	['9oejm9sc', '80yu5aiv', 'ey0r1py7', 'wtxhbzr9', 'vrs88dcy']
5719	['8acldtv2', 'sok0cyd3', 'h2h4bnd5', '3bwqbe5n', 'lpoxaetv']
5748	['mkgszhkk', 'a0q61mpi', 't0iw2vod', 'jjh1z5c6', 'w1bx4a7v']
5762	['w1d83bkb', '9xlp5uuc', 'ckx305ue', '9nostuqg', 'pmvaxas6']
5764	['iyi2fwhf', 'o5k6mqid', '5detaogc', 'j58f1lwa', 'xymnnjoc']
5765	['zh939alw', 'ueid1mma', 'ok9o9tta', 'wotf0lzx', 'n9zqc1gm']
5811	['w3ls1d7w', 'y43prnko', '1vcc1khg', 'vvmb92wo', '7zngkwoh']
5814	['zy48nad1', 'msra1ghp', 'pggf4wyo', '5yi8lm2e', 'w9qei8zj']
5817	['41yfx1ev', 'urj0nssb', 'dti9o5x3', 'dksw5yzp', '21qgukm1']
5825	['8qdcls1k', '3u3i5myh', '353wr671', 'ogchq8gz', 'zi0cedd9']
5830	['3u3i5myh', 'z6elaxpc', 'ijzoa0yn', 'a4klrp3h', 'byw8jsqv']
5835	['y3fagw3t', '24m4rh9w', 'hcuxj2k7', 'y3c478hf', 'pq6c0zia']
5847	['y930bpqt', 'eztw9tx6', '0u14wypb', '3mfwweyr', 'cdltu9vs']
5851	['v6qgjuas', '4iubzi36', 'm39qdgey', 't5k8o6sb', '3jn7tdaj']
5858	['erygg5u2', 'l00jvzth', 'qpzg8lam', 'n0uy6hd2', 'f18a3xiv']
5887	['grm6kfx7', 'r99924c9', '0aik5i71', 'c9fg1ni6', 'v4pkwd44']
5891	['8bjfoa9g', 'y14lw5b2', 'sijfzd2o', 'usyduiti', 'wn98fql3']
5893	['n1r841sz', 'r4q0zqam', 'd7eshkim', 'vj5ahoi2', 'l7ekkgy6']
5899	['49q2xxkw', 'wbix36hf', 'rv2padg9', 'yjqt74q0', 'iyi2fwhf']
5951	['lr20prun', '3jn7tdaj', '7xx57cwo', 'f4jx3b2q', 'lkb09vs8']
5954	['5gq0wqej', 'pslc7ik3', 'gydzq4n3', 'l5nncxqo', '9da5mp1b']
5955	['1s8jzzwg', 'f96qs295', 'wq92nfnd', 'opjfy3xr', 'h7ftu3ax']
5976	['io8mozoe', '4cy3er3y', 'deas7kr0', 'a0dvzhc8', '5y6gjl2t']
5986	['rb20ge7e', 'x73moqog', '7xnga86x', 'ljlsvc9h', '2j11uxmx']
5999	['yhmcx7ae', 'ln6t374j', 'b7llp5r7', 'q10pvwf5', 'tlknj4hm']
6011	['enlj85zc', 'io8mozoe', 'd60chk12', 'u66awao9', 'lxqne4rp']
6013	['rjelshrp', 'q10pvwf5', 'uk0hlynp', 'tlknj4hm', 'yhmcx7ae']
6018	['io8mozoe', 'bgiyvqgw', '1tqwmy8m', 'uk0hlynp', 'ypp1foym']
6030	['2fokjcjr', '9b6cepf4', 'l4y7v729', 'm6eotnko', 'veeavho5']
6033	['trrg1mnw', '5xk20hs5', '1v8xf5uy', 'o4vvlmr4', 'hsm75cww']
6048	['8lzpz58y', 'kd3as3b9', 'rwovxw7a', 'iqe6sdq2', 'ikon1ktb']
6050	['rnvc43go', '9zg8q0gk', 'wbsl6n67', 'ut4d68ti', 'k9mbmgvr']
6051	['9ixpj162', 'cwdtyr1v', '15q47bw5', 'plzklj7c', 'v5beddu4']
6061	['sc40pmn4', 'iseh0z9c', '1iclw0nt', 'ubjd0052', 'r82wsb0s']
6073	['7zngkwoh', 'upiu3e2d', 'fj6l76hq', 'h7ftu3ax', 'w3ls1d7w']
6079	['zcmaqar2', 'edmxk1wi', 'p82l6d9a', '798ajlwl', 'qgxaekae']
6088	['71x3b75z', 'is9a77dk', 'rtus1qyw', '8ncc6d2n', 'byvsuvn0']
6092	['1peg3502', 'fpexa30s', '9p2pzsx0', '25jq098w', 'jbmzvljk']
6104	['k6cumncp', 'qfrabyp7', 'lj37a4xn', '25bdifv6', 'n6of82yn']
6109	['cfbj6ize', 'xj1nw76b', '5c1e0770', 'onjgfr4j', 'z218oii3']
6117	['kq0cu73r', '611ih9pl', '46r46ja3', 'npe81wc8', 'd2xc1hew']
6129	['z86g8dzs', '8je46886', '1zuhilmu', '9pb2eqoa', 'w3ls1d7w']
6139	['ok9o9tta', 'eyhgtpe0', 'ny7wkswf', 'is9a77dk', 'rtus1qyw']
6143	['5jwuluy9', 'j3b964oz', 't5iz3vdz', '1fxb5vru', 'sh9w4ipq']
6155	['n5c0hcwn', 'g0wujywh', '3cr97dii', 'cabmmgg6', '4iuxm6z2']
6169	['5hei9fac', '8cvjsisw', '2tu707ng', 'br20k96q', '75m13rha']
6179	['00xnsdt9', 'onjgfr4j', 'hitaptnp', 'hnj1jqr1', '0bh8i14e']
6202	['407va85q', 'zqzs6vtf', 'xnrb0byz', 'qeqd4soe', 'dt8h6a0v']
6204	['kn9b4v8j', 'sybr04qy', '55lbj72e', 'cxqzo58q', '7vq9okcs']
6222	['zv8xt1dd', '89n52jny', 'ydv0hc0m', 'zueghgx5', '77m4rhrz']
6261	['zbi0llig', 't7xaqtgo', 'uohbxoeb', 'p8z1oeep', 'qvf7wcow']
6275	['t0l6mlm5', '6g4oclln', 'qowp861l', 'i513q4l4', 'eubmiblw']
6276	['ogchq8gz', '7d6snq1v', '353wr671', 'kdxoyvsv', 'cwekmw1a']
6279	['sh9w4ipq', '3sr2exq9', '1zd3hjpo', 'kdegnr6i', 'k0f4cwig']
6292	['ikon1ktb', 'gg5c8v7d', 'lgtpeqhw', 'n0zppf8v', '8lzpz58y']
6294	['xz7yzr2f', 'dny9rgv9', '2x2n8blg', '748c97u7', '4zxfghz3']
6296	['nblbacmn', '6hehg1yf', 'iyi2fwhf', 'eflyypev', '357sbvyt']
6301	['h2vct9h5', 'adh6j7m1', 'h2h4bnd5', '0retx7ty', '8acldtv2']
6304	['71ywsj3a', 'nl1ud0rz', 'yy77zuu4', '7x9jzge5', 'ec13mu0q']
6317	['h4cu63cm', 'c0i45oix', 'glxt2q6f', '8ljnxihr', 'bzeqs5oh']
6325	['su41e4vo', 'dgnddq80', 'hvp47bm2', 'kjf63oug', 't1vom8f3']
6326	['dfch7enk', 'vwmjf326', 'gu4mz2vp', '1r9975o8', '8149l7tj']
6333	['33xgu2rw', '925f5ucu', 'ddpfox68', 'ruw45n81', 'yk2th44f']
6341	['u9nmqcgs', '6o7q57xl', 'lvykuqv8', '8ymu432a', '97msfh4l']
6345	['5zhjn3u2', '0o7rm667', 'f95ext4b', 'ro3k6q06', 'wehqqbjx']
6353	['3o91v72a', '2j11uxmx', 'x73moqog', 'rb20ge7e', '1wui9gwa']
6356	['qeqd4soe', 'roe6g61u', '2v6zigt8', 'ivxvry3u', '407va85q']
6379	['qeqd4soe', 'nz976qc6', 'ax3e82js', '6gssaxcl', 'zqzs6vtf']
6394	['72jwlfqr', 'k18k0kuk', 'lxdcelk1', 'f6vau5s6', 'd3fpqczo']
6396	['itvjhlnn', 'pocvjjox', 'ysu5rwmi', 'q0n5mad0', 'xcs9podj']
6417	['wrkx7qyo', '2nthllnv', '6ti9w1pn', '5esyjt0l', 'vbayngh0']
6418	['nmh6luou', 'wxxi37v9', 'sazglyaz', '5txhcr7h', 'u3ihnglr']
6445	['8zufbeuz', '26kx1b0h', 'qgwu9fsk', 'm5udbs4f', 'pxo11hwp']
6455	['zp93k874', 'zj0yxy2z', 'erdcvj30', 'xe2a9x07', '7xnh53x0']
6467	['yb9uyov3', 'm46vdpv6', 'b9vm3x3w', 'ga5z3via', '63b7yidq']
6492	['zbkx78mm', 'k3mz6lf1', 'td3drkgw', 'kuvdbr09', 'c25womxb']
6525	['47d0wl98', 'm40kwgcg', '78qyuk5x', 'j58f1lwa', 'y4cqgbm2']
6533	['dxym95pe', 'ajzl3y46', 'xzmzdq52', 'ashxoaav', 'tvhn7lnu']
6540	['sgj526ne', '9colibhs', '6hl55c60', 'fety7g0q', 'l07q84ni']
6545	['vuzbni5m', '1iago9rr', 'e7gq365q', 'trrg1mnw', 'szekvw7e']
6551	['r0pzpont', 'v0dkbn5l', 'lsvf3hl6', 'yjbmi8ur', '2ojy0mvo']
6576	['vvmb92wo', '1s8jzzwg', '5b9jytph', 'hqapg5ow', '1vcc1khg']
6612	['61ltmgyx', '7f5nywod', 'pocvjjox', '9a27s0zn', 'oeudi6lr']
6623	['uxxrljse', '4i19gysg', '479wkesk', 'dkderykk', '1mz44ole']
6625	['9fsk7ftz', 'z6elaxpc', 's1dert6n', 'cj3cpn5j', 'e7gq365q']
6637	['s1kxxx1v', 'i0swl50w', 'zkb1zbvq', 'f0t6n2j1', 'lf9i6x2i']
6681	['z86g8dzs', 'xtraspw2', '8je46886', '0mwz8kwo', '9pb2eqoa']
6685	['qi1henyy', 'dt2pew66', 'wq92nfnd', 'opjfy3xr', 'w1bx4a7v']
6707	['8jhwamfv', 'ozj6zju8', 'kc6dls2z', '95wclabe', '6a1fl65b']
6720	['3km6yfr6', 'vzdu9jwn', '82wscept', 'q9qtteqs', 'nr440fxm']
6738	['bzeqs5oh', 'u0jddsup', 'zbi0llig', 'hn6clwoj', 'pa000mr8']
6747	['33wqmdnk', 'ok9o9tta', 'rjelshrp', 'be4afbyo', '0u4nmrq4']
6749	['cfbj6ize', '8pdlynuo', 'xj1nw76b', 'z218oii3', 'k5jkntul']
6765	['4p6fcy8f', 'n1ysi7qc', 'l9lni5d3', 'vdgu6h0a', 'xs7vkm19']
6766	['incbwgua', 'dqlwamhq', '6zfeeuy3', 'zrg21jgx', 'mck3rgcm']
6773	['l9lni5d3', '4p6fcy8f', 'jgq968f6', 'lvw0cnwj', 'olhgu24h']
6774	['olhgu24h', '9169o29b', '4p6fcy8f', '5yscqct1', '1y1ik2u9']
6778	['dsfbmhbj', 'q9bwvh0t', 'rhnr430g', '97msfh4l', 'jc245v1o']
6805	['ot1uz6vc', 'ajzl3y46', 'd0cd89hs', 'd4upbc3v', 'tov6uq27']
6816	['ml27mexb', '2l883zhe', '407va85q', '1l4o9pko', 'aakzdkcj']
6822	['nosh8awp', 'taz8f384', '02p4et0u', 'jmu2cfnd', 'cj3cpn5j']
6829	['e4y6l4lx', 'ok9o9tta', 'kvcx11yo', 'ha5ld7be', '3eq34w2u']
6833	['8cviwmi5', '2rcngljf', '2qwv6wzq', 'kt47i60w', 'c2krtbvr']
6854	['f2det6w2', 'ohfi48d6', '46y1pa7o', 'q7pieq3w', 'jk0ju2eb']
6855	['dgizpo1z', 's1dert6n', 'w45ih46q', 'sts48u9i', 'z6elaxpc']
6858	['9b6cepf4', 'qdw86v8i', 'zycgczqy', 'db8fl9d2', 'e63j8gci']
6864	['14he8n3u', 'z3o3ib2f', 'p8z1oeep', 'jtgpzrf9', 'uohbxoeb']
6866	['u95kg3m0', 'nles7ymd', '4img2we6', '2wco7m0c', 'yfoxndf3']
6868	['vge26qe9', 'r1tl2hrk', 'fpexa30s', 'o78vcy90', '1peg3502']
6874	['1adt71pk', 'b1g23kz1', 'sz072p5o', 'yuv6w9nt', 'h82s5xst']
6881	['jkff091e', 'e8mk04uf', '82afil03', 'mfop9fne', '90323yzn']
6890	['piev4id4', 'mbam5s7p', 'w036x5gr', '5zzlhyga', '2jyp3ift']
6896	['0emibwp3', 'opjfy3xr', 'jgq968f6', 'wq92nfnd', '1zuhilmu']
6897	['wzqdo1st', 'atwx0a2s', 'db8fl9d2', 'l4y7v729', '2tre0wat']
6900	['l72grjbg', '33wqmdnk', 's6kdchlo', 'jmu2cfnd', '0emibwp3']
6901	['33wqmdnk', 'k8wb51i7', 'ypt4kt78', '4ylt5rhg', 'e7gq365q']
6962	['qeqd4soe', 'cqi3r0xz', 'jz6o9gnb', 'ivy95jpw', 'd21lvneh']
6971	['f4jx3b2q', 'lkb09vs8', '80yu5aiv', 'wcq3qqt4', 'z86g8dzs']
6983	['xr70oiv3', 'kovi3uyz', '5cno180i', '5oj6bqta', 'jw6kh8os']
6992	['urv9o2f1', 'y1nrc138', '6mzqk12f', 'wehqqbjx', '0aik5i71']
6995	['ohvh8vga', '6frn41zd', 'qxqo23i9', 'boew323c', 'kc6dls2z']
7001	['urv9o2f1', '6mzqk12f', 'ko42qlzr', '5lqjmqu5', 'lnxsblg3']
7002	['1peg3502', 'fpexa30s', '6xlk1n4e', '8glhd9xe', 'j7ltjn4k']
7007	['dsfbmhbj', 'gw9hkw00', '2v6zigt8', 'qeqd4soe', 'r8vxz5vu']
7008	['1peg3502', 'wv2gzahy', 'wbix36hf', 'jurqttdg', 'fpexa30s']
7030	['0njpdbv5', '5u63aqo5', 'j4bfn87k', 'whj9jwwf', 't5wzsjxc']
7032	['8l5i1z27', 't4y1ylb3', '7a543f7v', 'cj3cpn5j', 'c9fg1ni6']
7036	['vp78d808', 'qalficgu', '7bhue8w5', 'zjpxfd7c', '8gub6wmy']
7039	['q9bwvh0t', 'o1xsjx2p', 'qp34apct', 'ijdk1nnc', 'z6sjfdb9']
7049	['vrate482', '8ko2lc1b', 'tjplc5j6', 'asdcpvhx', 'zvngy7zz']
7056	['kvcx11yo', '3znsneqq', '4pjfnund', '4uiyj6lg', 'khkw1hhv']
7070	['ljlsvc9h', 'x73moqog', '5jlohhmv', 'icnbhg6e', 'hwpn7ti1']
7109	['eywnnzxe', 'q9bwvh0t', 'mzekhyu0', 'hxpqexi1', 'byw8jsqv']
7113	['suw0h7s3', 'x3q2dgdu', '11d18w9y', 'ca04j8sc', 'gk1avld0']
7130	['uohbxoeb', 'mjb3ip7a', 'a40yhtqk', '675v58x8', 't7xaqtgo']
7135	['uohbxoeb', 'a40yhtqk', 'zbi0llig', 'oyr4klqk', 'bzeqs5oh']
7142	['xvpn9dvf', 'hitaptnp', '7ec2jcoq', 'xiaj8ofb', 'bv7hvc1e']
7147	['uohbxoeb', 'bzeqs5oh', 'hn6clwoj', '675v58x8', 'zbi0llig']
7152	['uohbxoeb', 'bzeqs5oh', 'a40yhtqk', '0bh8i14e', '675v58x8']
7156	['uuy94dwa', 'b31ctbat', 'eje3i558', '74070a3z', '38d6gb7o']
7170	['cucrqa16', '4vkkaqhz', 'snk26ii3', 'ckswlo9o', '74femexh']
7172	['721ofhsv', 'd6mt6nze', 'dpyz8uh4', 'a6nbpta2', '1vyfy7i0']
7178	['5o0ihd3f', 'h5fvf5ja', 'qp8jxcdl', 'uc316ncl', 'lur9d6ji']
7179	['qdmkx03t', '7qz1o6aa', 'n311ptne', '23gax7wp', '66mhasjt']
7188	['7f5nywod', 'fnedip6k', '3qtxnbb2', '4co920gp', 'pi9ndj9p']
7190	['qeqd4soe', 'roe6g61u', '2v6zigt8', '407va85q', '9wnkmn27']
7198	['rpjg4a9i', 'z1y1zgo8', 'cfd1x420', 'k2zrdjyo', 'r1m709hb']
7199	['z1y1zgo8', 'rpjg4a9i', 'fh0zym9r', 'cfd1x420', 'jfvq2gfx']
7200	['5detaogc', 'bdvnwrd4', 'shad8im4', 'd5sxycaw', 'r1m709hb']
7205	['vmijl5yu', '0ndauq8m', 'ant6397h', '8rp0v8yo', '5cno180i']
7208	['j6vs6izt', '65gedo6u', '51c22b8w', 'no45mgyd', 'hjmjav50']
7212	['ixhaq0az', 'opjfy3xr', 'wq92nfnd', '5dbuxvc4', 'z0hy52cu']
7224	['ksqxfx8m', 'ce9jq0hq', 'n5kgdoln', 'dkderykk', '9ez3igd4']
7232	['urv9o2f1', 'snk26ii3', 'c4ihkcyr', 'z1y1zgo8', '6mzqk12f']
7235	['ljpeq5aw', 'xd5uhah4', 'e7uvbra5', '2f09vauy', '5bk0w0sa']
7236	['6ovv79ia', '3jn7tdaj', 'r1m709hb', '6ukt0gbn', '25bdifv6']
7240	['5detaogc', '25bdifv6', 'r1m709hb', 'bdvnwrd4', '6akx6xpt']
7242	['6ovv79ia', '3jn7tdaj', 'b4161ynv', 'hqjphv5g', '6ukt0gbn']
7247	['6ovv79ia', '3jn7tdaj', 'solieify', 'q48rqmw5', 'd5sxycaw']
7264	['7yias3rj', '9x1d1kp1', 'r2cx0nmw', 'h35we3mn', '6xc4j09c']
7265	['vu7bq4b2', '9hzbi2yi', 'qa6afon7', 'ok9o9tta', '4yp4beuh']
7297	['jfvq2gfx', '6akx6xpt', 'vu1f1hp6', 'k2zrdjyo', 'r1m709hb']
7310	['ijdk1nnc', 'zmk8bbcd', 'iyopfos0', 'tcaglk0u', '9zrcdurq']
7328	['e7gq365q', '78d7vub4', '9fsk7ftz', 's1dert6n', 'z6cdyy0w']
7333	['7bhue8w5', 'v0y734lu', 'h26a3h5f', '2bzq2ayq', 'vp78d808']
7346	['dsfbmhbj', 'oa81rhdb', '9h4zzo5q', 'rhnr430g', 'ztxfa5b8']
7347	['xthxesgk', '1lz5xobh', '1daa6fte', 'icse3cz8', 'cpqeo65g']
7357	['250glj07', 'nvebqwwh', 'acyexmyq', 'iali360u', 'j3b964oz']
7358	['eywnnzxe', '4gr6i8rf', 'urv9o2f1', 'byw8jsqv', '6r79qt66']
7388	['cj6o6ady', 'msg9j0lb', 'lnhkux0m', 'm4hwwhux', 'bvspk12e']
7391	['kfn2q7wt', '0fpa1f30', 'lnhkux0m', '8flh54lv', 'pcekcvwr']
7423	['08xv22bc', 'lmzkseiz', 'btao9cun', 'enlj85zc', 'gat4jwsu']
7425	['mx924s06', 'ha5ld7be', 'b0g8y96j', '7c0844ui', 'd9rd5392']
7432	['ickzzm6y', 'yw81byd0', '8ufjh70o', '3o7rd8pt', '5053t5ki']
7445	['q1nye2ih', 'xqpsdc8u', 'qp34apct', '09jbs6mx', 'bbhb1cre']
7448	['26kx1b0h', 'bv7hvc1e', 'gbpfypmn', '5aev7ltr', 'jiunpwz9']
7459	['ljpeq5aw', 'e7uvbra5', 'uyzalds2', '2f09vauy', 'p36ilfqj']
7466	['9kk8pevp', 'vnb7g17n', 'qbj8n8h6', 'cht8xf0x', '58qneoj5']
7467	['1peg3502', 'fpexa30s', '9195zweg', 'park7t3g', 'jbmzvljk']
7478	['5jwuluy9', 'uarsobci', 'j3b964oz', '4i19gysg', 't5iz3vdz']
7484	['ok9o9tta', '82afil03', '6mfd3n4s', 'byvsuvn0', 'n2rec4i8']
7489	['wkl3jyzn', 'lkjsh3fu', 'jo724gaw', '1lz5xobh', '7g9fivhc']
7495	['e0pbs354', 'wq92nfnd', 'usyduiti', '1s8jzzwg', '0emibwp3']
7497	['vj5ahoi2', 'n7kbk9id', 'ckorpogz', 'sbeugobq', 'fhxgzm2i']
7498	['2v6zigt8', '407va85q', 'dt8h6a0v', 's0ca1r5s', 'qeqd4soe']
7509	['emg87q94', 'kk47kxwf', 'mru0mcup', '7fapl71l', 'i57f9ayv']
7514	['nuzt4jcf', 'jnmpyovl', '0rftk787', 'zl4ixyg1', 'dqpujzo8']
7519	['222c1jzv', 'zxe95qy9', '42wcyjuk', '6xxm7hcs', 'bpu3hpbn']
7528	['6gb1za5h', 'u5iqcw74', '8d90mc54', '4fzzoj14', '2ddaulby']
7529	['3u3i5myh', 'z6elaxpc', '7pqy0ejn', '52jtd51o', 'y1nrc138']
7530	['3u3i5myh', 'byw8jsqv', '7pqy0ejn', 'z6elaxpc', 'pdd5wepz']
7533	['c7ci5w56', 'e7gq365q', '1v8xf5uy', 'trrg1mnw', '78d7vub4']
7539	['dsfbmhbj', 'gw9hkw00', 'oa81rhdb', 'd9b814yp', 'xigbp7vh']
7558	['tra5ewc5', 'dt2pew66', 'h7ftu3ax', 'ropgq7tr', 'f96qs295']
7561	['g4nceu64', 'axd0s9cg', 'qbbwvyn9', '4budtw8s', 'tuqp3ngs']
7590	['jk5tczo0', 'msut5gyc', 'lsiy3quw', 'iu2frsec', 'yk872yaz']
7596	['g9pwxfd2', 'ymhg8mon', 'kokfufba', '8dc7andx', '1uto8vrp']
7624	['sgj526ne', '9colibhs', 'ler0t9o0', '5tkyir3r', 'l07q84ni']
7627	['v6w9mlsa', 'nq79qw82', 'fatm351r', '6mdimxnk', '5bk0w0sa']
7628	['srmmmyll', 'rvny2khn', '1e8cy2j7', 'tx3qbg32', 'nmdlet38']
7629	['ewm8j8hg', 'ecobfbpg', 'elj952zc', '4jyltfus', '8149l7tj']
7636	['vvmb92wo', 'ropgq7tr', 't0iw2vod', 'x9sfgtim', '1s8jzzwg']
7682	['pfh6nm9r', 'ko42qlzr', 'cabmmgg6', '0aik5i71', '855atuue']
7683	['ok9o9tta', '85tgrqab', 'w0lgteil', 'h65g7bf2', '7wu8bfo4']
7685	['nemkary2', '7env0mf5', 'oxtvcoi9', 'cqsga44v', '08h4198w']
7689	['cabmmgg6', 'pfh6nm9r', '75cnqi4v', 'kgggepu0', 'urv9o2f1']
7701	['4kfbs7j4', 'kd3as3b9', 'nnp6sv19', 'nfem3htm', 'n0zppf8v']
7713	['b9uc5gpv', 'qcxpmfmq', 'w9qei8zj', 'xkmy79p9', '0hhdwq68']
7721	['ax3e82js', 'r76tqrwz', '0r580il2', '675v58x8', 'jiunpwz9']
7756	['z8ajje2l', '8l5i1z27', '3u3i5myh', 'ruewzstg', 'cj3cpn5j']
7759	['usyduiti', 'umvrwgaw', 'wq92nfnd', 'opjfy3xr', 'l8zfuhzk']
7761	['kfohrmhl', 't0l6mlm5', 'mfyurey2', '6g4oclln', 'wo9gg7nx']
7772	['kwqdyhn6', 'u95kg3m0', 'nles7ymd', 'zz0i50l7', 'y8p78ep2']
7778	['w3ls1d7w', 'umvrwgaw', 'pdfl15fz', 'gin90aef', 'h7ftu3ax']
7789	['zew4tzy7', 'eq5qqshb', 'kayh0v56', 'o8lasxcb', '8k2v0u19']
7801	['z2z0hu49', '5azti19e', 'wtxhbzr9', 'kayh0v56', 'eq5qqshb']
7814	['1tz7y2sh', '5sx04n3x', 'rzahax88', 'stn5gl2b', '5zt4qx4q']
7819	['d26v1k1y', '9pp81nw7', 'qqe331ok', 'lkjsh3fu', 'efajumk6']
7831	['jzu70l93', '4zelg0m1', 'yrbgdica', 'q6svfacf', 'i5v1t0iu']
7835	['r1tl2hrk', 'wxor6kg3', 'z1onkz6u', '1peg3502', 'fpexa30s']
7836	['0jvoa3ui', 'lsrpk3wc', 'tffhk1hy', 'y0wu60n4', 'udr7gxv2']
7867	['p10cya94', 'kc6dls2z', 'zmk8bbcd', 'gorp9n1g', 'h29zzmla']
7872	['svgguadm', 'xs7vkm19', 'mbam5s7p', '2scp98u0', 'i5j4nmjz']
7894	['5vvyd0wx', 'nbghk20z', 'pibg1iw7', 'qxntta1u', 'wivk0bm0']
7895	['qfq1nfcn', 'wi1slkpf', 'xnrp2tpd', 'y2zcwcic', 'zvlbs4cc']
7896	['ngbnnpni', '4et61my3', 'rytw6rfd', 'entkqcn3', 'ngpl6xs1']
7897	['828eqxla', 'ok9o9tta', 'p8xpavbg', 't6vojtu8', 'trrg1mnw']
7939	['icnjhhyy', 'lxzmiehr', 'yw8a1ssd', 'bnr1r48j', '57w1iir4']
7963	['u0jddsup', 'mjb3ip7a', 'spfc0fc0', 'xii14gan', 'jtgpzrf9']
7965	['grx4gx95', 'qtzhfnr6', 'tmonjdrp', 'sjkni2uc', '56zhxd6e']
7968	['zycgczqy', 'f96qs295', 'jk0ju2eb', '9b6cepf4', '0mwz8kwo']
7983	['7wu8bfo4', 'hxpqexi1', 'kutc6ts0', 'kt6rs1zo', 'lq1qndxg']
7986	['lzsbte0j', '9anlwi27', '9xxv8a2d', 'e49rdu76', '46y1pa7o']
7991	['7cbxp6q5', 'k0oket8b', 'ovuh3qoh', 'bzo4x7bh', '53x6do07']
7994	['q10pvwf5', 'yg0ovmu5', 'rnilge14', 'io8mozoe', 'kczhrxxd']
8012	['gqwwfpch', 's19w1p2i', 'be4afbyo', 'llcit7x2', 'qtzhfnr6']
8044	['u20e82de', 'wzfvqj6m', 'qbbwvyn9', 'v72mveyu', 'ypp1foym']
8046	['jmhexmet', 'nzat41wu', '9ezhwvv9', 'dhd9e9bn', 't4os33em']
8047	['v72mveyu', 'u20e82de', '4bw26042', 'qbbwvyn9', '4budtw8s']
8055	['e3e48idb', 'gjustwrb', 'e7ud2rrq', 'e5v9e584', '02u91ess']
8069	['lht6lhry', 'bpnqz1cn', '9s9ctu9i', 'ji3s6rnu', '6nsoj5we']
8070	['2btgsuz0', 'xpwfoal7', '8i9xwogu', 'spwtv7n7', '0fma0evi']
8095	['fiicxnty', '80dfqjql', '0emibwp3', 'k9xhphpl', '92ljfia5']
8142	['i94boetk', 'fq1am5na', 'xqpsdc8u', '29z4q4fs', 'b6ki6rmn']
8144	['i94boetk', 'fq1am5na', 'q9bwvh0t', 'qp34apct', 'lby3xhmp']
8179	['9195zweg', '2ui7z8wi', '1peg3502', 'fpexa30s', 'foy3dsq4']
8191	['ok9o9tta', '10l6kx3e', 'eyhgtpe0', '6mfd3n4s', 'rnq3k34m']
8223	['ue58uvot', '0ogmwreb', 'f74g59b0', 'r3w90vg8', 't6rxsiat']
8239	['gkf3wez8', '3xvphg52', '10dkpj5h', 'cfe6rb1x', 'x44oc1k6']
8247	['ihlkhh2d', '5q6cnfse', '6ejzpqq4', 'f6li7qil', 'iy8pp5ey']
8249	['ybwwmyqy', 'vabb2f26', 'nlv939ft', 'fiicxnty', 'k10wpya8']
8250	['0j4ind0z', 'frxriw9v', 'dgizpo1z', 'qk2ureql', 'hb2lieh3']
8270	['56u8u50l', 'l6yr6ang', '5vp2r2bd', 'itvjhlnn', 's7v66pvg']
8281	['jn68rbvb', 'mopk56p5', '7axo7k51', '4yi9iup2', '80t2ovkk']
8293	['jcq5omdq', 'h400e0kk', 'd4p5r746', 'pkimbhz9', 'dij3wy6q']
8309	['g3hujz5o', 'lvbutmio', 'duwr9b5b', 'xk6rp4e7', 'h8x5cpz4']
8311	['m69ceq2t', 'cq5z8lqu', 'f0t6n2j1', 't7xaqtgo', 'ler0t9o0']
8314	['bzeqs5oh', '5rkxs2w3', 'a40yhtqk', 'uohbxoeb', 'r8vxz5vu']
8315	['feovbv3v', 'kee1crfe', '4mp1iu55', 'icnjhhyy', '63en895x']
8316	['w036x5gr', '7xb7hj9u', '0emibwp3', 'lzgwxshi', 'dccymlie']
8321	['ba5h6uhu', 'qa2pgjvj', '6j45mmjh', '6a728le9', 'wzz5ioek']
8350	['io8mozoe', '5eo7wfle', '4cy3er3y', 'a9lw6vrs', 'faj85qxc']
8361	['s3o9v1fl', 'ynskrokg', '2uu19itv', '5sss52fz', 'vgk1sgcp']
8369	['9ixpj162', '9e6g15iw', 'plzklj7c', 'b4mjo92p', 'v5beddu4']
8381	['tbs3b4ww', 'tf181d85', 'aq2iz9tq', '4zd58eqy', 'ay69e8ad']
8388	['m4hwwhux', 'x88qugn9', 'ow1n47ui', '7gqkyq1j', 'eecwjrdc']
8392	['039k70vs', '4mjg7jul', 'gc9eg5j3', '7f5nywod', '21qgukm1']
8410	['qibt88f7', 'lyewg2c9', '4jx0oq65', '1ucs8zu1', 'sa4ms55e']
8434	['9nyfz7s2', 'lav0kp21', 'jmu2cfnd', 'qgxo9cr7', '8th933g4']
8439	['m2bmp8s8', 'b31ctbat', 'm8yyntls', 'eje3i558', 'uuy94dwa']
8440	['vbnke2q5', 'dkderykk', 'qmo1zzkg', 'm4u4ulml', 'ce9jq0hq']
8443	['h4cu63cm', 'c0i45oix', '8ljnxihr', '8gl323hs', 'spfc0fc0']
8444	['h4cu63cm', 'glxt2q6f', 'c0i45oix', 'bzeqs5oh', 'spfc0fc0']
8446	['h4cu63cm', 'w7o2r4g1', 'glxt2q6f', 'dt8h6a0v', 'c0i45oix']
8447	['h4cu63cm', 'glxt2q6f', 'c0i45oix', 'mjb3ip7a', 'ooy5nf1d']
8449	['h4cu63cm', 'c0i45oix', 'jtgpzrf9', 'mjb3ip7a', '8gl323hs']
8451	['oud5ioks', 'mdx41yqn', 'vuzbni5m', 'h4cu63cm', '9n7a9g78']
8453	['h4cu63cm', 'spfc0fc0', 'mjb3ip7a', '104lecie', 'e9j4b00a']
8459	['h4cu63cm', '104lecie', 'bzeqs5oh', 'dcli6uaq', 'a40yhtqk']
8467	['s0ca1r5s', '5sss52fz', 'ivy95jpw', 'h85c49cv', 'j6vs6izt']
8470	['r8vxz5vu', 'glxt2q6f', 'ooy5nf1d', 'lqz921r3', 'c0i45oix']
8479	['gv8mngz9', 'p485vc0h', 'ywne437k', 'r5552ql7', 'd9rd5392']
8483	['iu6epm2i', 'xk6rp4e7', 'nbqukjzv', '1xvj7xq7', 'yg2voc65']
8498	['wq92nfnd', 'opjfy3xr', '5zzlhyga', 'piev4id4', 'ug239kup']
8505	['hwpn7ti1', 'rb20ge7e', '2j11uxmx', '47p4g80o', 'zrjvpoq0']
8508	['aky3bja0', 'opjfy3xr', 'xolflz8g', 'jk0ju2eb', 'm8xfza1d']
8511	['855atuue', 'hunepli1', 'q9bwvh0t', 'urv9o2f1', 'o1xsjx2p']
8516	['suw0h7s3', '8dgahmka', 'b0545v23', 'jk0ju2eb', '8gogju5n']
8518	['d0s3vl2w', 'wb1apvn2', 'qv1xfrg6', '2ccxiqea', 'bkm8k9ud']
8519	['rb20ge7e', 'x73moqog', '2j11uxmx', 'ljlsvc9h', '7xnga86x']
8520	['6rpm4phy', 'pta8enbu', '72f64kpf', 'ylvgmdwh', 'bawgldfi']
8523	['io8mozoe', '3xx7rw6y', 'q10pvwf5', 's1kxxx1v', 'vstwckpw']
8529	['9oejm9sc', 'ey0r1py7', 'octtj2vf', '80yu5aiv', '726t123x']
8533	['dgng39yd', '92ljfia5', '0rrhiw9m', '0an1j8wk', '3kde69wy']
8548	['nr0fu2qb', 'ljpeq5aw', 'uyzalds2', '65ois1qn', '5bk0w0sa']
8550	['d2pzezq8', '60en5zy7', '6yinwbfh', 'msxp1qkx', 'tovfd9lw']
8556	['icnjhhyy', '4mp1iu55', 'yw8a1ssd', 'lxzmiehr', '3v240tcz']
8587	['y42gcbj0', 'h5xvrtfy', 'ljpeq5aw', 'uyzalds2', 'i9xenu3r']
8595	['9452kqc0', 'df65w0lx', 'hm332jqo', '222c1jzv', '5c8im9ci']
8605	['hvy73er8', 'dcfqvp4p', 'e6ccoc21', '2w80hys9', 'f0t6n2j1']
8614	['h7vqmlq9', 'gysvo8e9', 'wq92nfnd', 'opjfy3xr', 'bwmpamea']
8630	['aawjla6h', '1r9975o8', '11bh9v5i', 'od5nnxvg', 'zc10b6j5']
8646	['x9rv72dl', 'pebu7w9m', '33xgu2rw', 'rwi2rlwt', '66mhasjt']
8665	['73jex4zg', '5hhbdzam', 'ckx6wxxk', 'fiicxnty', 'b03s7wsw']
8669	['7zngkwoh', 'h7ftu3ax', 'y43prnko', 'ropgq7tr', '844229sb']
8678	['yce32jmg', 'ihgxtu8g', '3c1fujrd', 'psk1lnff', 'n5sei1oc']
8679	['vkf5njfz', 'a7nj8sgl', '5zzlhyga', 'scc9wee0', '60sbhzfs']
8683	['ksqxfx8m', 'n0zppf8v', 'ce9jq0hq', 'w1pv8dsg', 'gg5c8v7d']
8685	['hygxwl2f', 'viubj28a', 'ty41xob0', 'fvvotkjc', 'uctcv9d2']
8695	['ok9o9tta', 'mwj0xc3q', 'cymppa7g', 'jk0ju2eb', '6xxm7hcs']
8708	['vw8a1994', 'kxx3szjq', 'glyoiu93', '8pislcjr', 'o6kj5b97']
8715	['nr0fu2qb', 'q5wiqpcb', '65ois1qn', 'mcmqx7og', 'i9jrobdb']
8717	['nr0fu2qb', '0emibwp3', 'h3tor88n', 'wq92nfnd', 'ljpeq5aw']
8732	['u3ympejy', 'jvo0nk3w', '5ah2yf59', 'nbghk20z', 'eecwjrdc']
8744	['9oejm9sc', 'cucrqa16', 'ey0r1py7', '3jn7tdaj', 'snk26ii3']
8746	['9oejm9sc', 'qhrwngde', 'nerxtetr', '80yu5aiv', 'a2voobqa']
8770	['ljpeq5aw', 'uyzalds2', 'li8kvzdh', 'p36ilfqj', '5bk0w0sa']
8775	['yrhb6ktc', 'ybcr7clp', 'x924tb4t', 'v8ujnrbi', 'cvbxv7h7']
8777	['ruewzstg', '7a543f7v', 't4y1ylb3', '7wu8bfo4', 'yrhb6ktc']
8793	['vd1lldjj', 'pp373xuc', '7o97t2t7', '6akx6xpt', '8900eg64']
8800	['r1m709hb', 'k2zrdjyo', '25bdifv6', 'uqeikj0m', 'supf8vel']
8814	['3ls0po4k', 'kn9lna4m', 'pm825xn1', 'myeiu66g', '24m4rh9w']
8838	['gin90aef', 'ropgq7tr', 'x9sfgtim', '1vcc1khg', 'iylmvmv3']
8840	['l7zlby4y', '582ld85p', '7tye4psd', '2qre0gc7', 'tov6uq27']
8862	['m8xfza1d', '2tax8ajw', 'eg5snpzs', 'sts48u9i', 'byw8jsqv']
8875	['d02grfth', 'tb8k979g', '74fh51hd', 'mfyurey2', '29opurlw']
8882	['ok9o9tta', '8l2zo1nm', '1r2uvoqf', 'juxgkbwv', 'gtbegs4r']
8925	['xwghd9ut', 'n3nwra0o', '5c8im9ci', 'ccat4lyb', 'dccymlie']
8927	['xwghd9ut', '34j9n40u', 'tvzn0112', 'e85xdrcw', 'uqfwx4nk']
8943	['1vd4j3qc', '02p4et0u', 'n5c0hcwn', '3cr97dii', 'rckwiqgb']
8949	['zbi0llig', 'u0jddsup', 'bzeqs5oh', 'mjb3ip7a', 'hn6clwoj']
8954	['d6a6nagk', 'bzeqs5oh', 'uohbxoeb', 'mjb3ip7a', 'a40yhtqk']
8961	['9h4zzo5q', 'bh8zshy9', '9ok153yl', 'nosh8awp', 'gxu62u9i']
8963	['bzeqs5oh', 'd6a6nagk', 'te0v91nr', 'uohbxoeb', 'zbi0llig']
8974	['3tnual3u', 'qqwqmn2z', '55hyrgvk', '4seogrqq', '85tgrqab']
8978	['6vqf2n5j', '9vej295g', 'noale9n1', 'w0i3oy97', 'fe456in0']
8996	['9jfclm9c', '13kzv4b2', 'tvg6q8cw', 'of16ewcj', 'jk0ju2eb']
9000	['3jn7tdaj', '5azti19e', 'p36ilfqj', 'jfvq2gfx', '9rczqcaz']
9013	['rpjg4a9i', 'z1y1zgo8', 'cfd1x420', 'r1m709hb', '25bdifv6']
9018	['mwvcd5eo', '2bfxfl0v', 'd6wkv2rc', '6gqxf34l', 'yq0c19sn']
9029	['5yscqct1', 'jk0ju2eb', 'n5sei1oc', 'ljpeq5aw', '46y1pa7o']
9035	['wehqqbjx', 'ro3k6q06', '7b570emm', 'vxv7pq8v', 'urv9o2f1']
9037	['dti9o5x3', 'qlejjw9s', 'klmhhvtc', '23n5r8qj', '3swdnn29']
9043	['lme6vcqs', '1n0qw2a5', 'kkzahuz9', 'uipe62sc', 'mpthhazv']
9044	['uka69z83', '5053t5ki', 'ou731vpe', 's2e56ety', 'igm2qr4p']
9051	['n2kn7o67', 'dcfqvp4p', 'zerjg1ko', 'wqicq5ry', '86xwnpde']
9059	['j46bet38', 'fe456in0', '6vqf2n5j', '8of3u2sc', '30pl5tx3']
9061	['ufk458to', 'elu3dztf', 'io8mozoe', '7c77gm20', 'lxqne4rp']
9062	['2cwvga0k', 'f3eogz0n', 'vg96f35h', '9kk8pevp', '58qneoj5']
9064	['fgj2lvbg', 'v60ydkm6', 'mg7dfs1r', '9kk8pevp', 'y6jrt5xh']
9076	['e5nbe3r0', 'u8f58mx1', 'f37ezj1h', 'hd0axs5o', 'fwvgmub2']
9103	['tq41ioyt', 'o1xkgkn1', '7esjlc7i', 'urv9o2f1', 'nvbt5gxl']
9105	['s6lev28f', 's7z1l3a9', 'x9lxyrgw', 'f0t6n2j1', '0o7rm667']
9119	['8qdcls1k', 'idlmau69', 'byw8jsqv', '9kfs73sr', 'gw9hkw00']
9122	['lme6vcqs', '1n0qw2a5', 'kkzahuz9', 'uipe62sc', 'mpthhazv']
9128	['3u3i5myh', 'z8ajje2l', 'z6elaxpc', 'ijzoa0yn', 'z6cdyy0w']
9129	['eywnnzxe', 'z8ajje2l', 'byw8jsqv', 'y98bleop', 'z6cdyy0w']
9163	['zzscey1f', 'egn81atf', 'uyo1rpx6', 'o71p89nb', '52lf5gzr']
9164	['r4btmprw', 'xmqdk2wz', 'oyplh9cn', 'ho6qjkyr', 'n2rec4i8']
9181	['ax3e82js', '1l4o9pko', 'd21lvneh', 'r76tqrwz', '407va85q']
9183	['od0y5ruh', 'xv4g5u7d', '16lhzusy', '2d2y5gmg', 'mkl96ybg']
9210	['g4nto9kf', 'bdcwowci', 'jvgq2p61', 'f6i46t3h', 'ruewzstg']
9213	['o4ri7t16', 'dsvmh7t6', 'mfziqu80', 'k4k3kcrh', 't1a8vnms']
9218	['tra5ewc5', 'kp4j9snc', '5u63aqo5', 'i0wbfhu0', '3crd5fdv']
9222	['tra5ewc5', 'l4y7v729', 'dt2pew66', '2fokjcjr', '0clp6zt6']
9243	['tmnfcs7r', '747lx5c2', '39u1luqn', 'lq1qndxg', 'h8ej5w6j']
9257	['aaxhrecp', '8g2mr8o1', 'sqxl75qb', 'zmxmo1q8', 'tgqcnfa0']
9260	['09q2so3j', 'tvg6q8cw', '9ixpj162', 'irx4pcsx', 'l63d9lyd']
9272	['piap9pr6', 'i0rbrbpa', '1s6czejn', 'emvkiex9', '265cgz94']
9278	['uk6whrhz', 'bfmcqcq1', '3p2cuxk0', 'kxdfnykd', 'o68mentl']
9287	['vpqwkmlv', '3bwqbe5n', '80dfqjql', 'k9xhphpl', 'hiw576og']
9292	['s44gtutu', '86auifl6', '6hnts5l2', '7yias3rj', 'wkz2ammt']
9300	['0oq0xmzr', 'xy4m6x8d', 'bv7hvc1e', 'lty6oq3d', '7ec2jcoq']
9323	['qibt88f7', '626ch774', 's1olwzxi', 'ef3warsh', 'lyewg2c9']
9347	['j0uojajt', 'dt7hip0z', 'raw2mt47', 's01g5wxg', 'yr27lnq8']
9356	['j67qgjbj', 'spiud6ok', '9anlwi27', 'wda18u55', 'n3nwra0o']
9359	['dya40tln', '9qbq7hwy', 'edvyp1fs', 'dvpqkmnh', 'feovbv3v']
9371	['axd0s9cg', 'tuqp3ngs', '1l10diya', 'fo4ax1od', 'puu8wib8']
9374	['u3ympejy', '5ah2yf59', 'nbghk20z', 'xl3519jo', 'uzc6r1jr']
9378	['5tdmh0ac', '2yrgy2y2', '2a12nsnl', '2aoyzj2b', 'leqluxpl']
9417	['v77n1vbf', 'jc245v1o', 'tw7jsibe', 'klmhhvtc', 'xbqbwh9j']
9418	['ax3e82js', 'a40yhtqk', '6a1fl65b', 'spfc0fc0', 'mjb3ip7a']
9432	['08z6z7d5', 'bcttenl4', 'bgr4h7kn', 'xvphsdg7', 'b3nv1vl6']
9450	['yx0u0iyw', 'lq580iwg', 'e7gq365q', '8xf8u6bg', 'kb3xi0fk']
9454	['nles7ymd', '2wco7m0c', 'u95kg3m0', '9dnj4ppj', 'mopk56p5']
9472	['p71adezi', 'r82wsb0s', 'f15foaf2', 'q10pvwf5', 'ixu5krbm']
9481	['barindjx', 'k11wd3qv', 'nqqngrqv', 'g1ps7td6', '445cz8gu']
9483	['hnx43l5c', 'daj5g788', 'mx1d9qqg', '2qcuygax', 'xjc0l0tv']
9497	['0eftiyuw', 'd3530i86', 'k8xp61uu', 'phl4mmpt', 'vda9s8lj']
9510	['wq92nfnd', 'opjfy3xr', 'vvmb92wo', 'w0ebmg16', 'f96qs295']
9512	['1zuhilmu', 'usyduiti', '46y1pa7o', 'vvmb92wo', 'opjfy3xr']
9517	['d0s3vl2w', '66mhasjt', 't5iz3vdz', 'cvoef8qt', 'j3b964oz']
9537	['t3qn61pn', 'idhbd102', 'ok9o9tta', '0999t5x0', 'vc0ezpp7']
9546	['j4hnitqx', 'nqcorcud', 'yr69ctrj', '3bbiyucq', 's1qnjgev']
9589	['pm3ck1gk', 'lvw0cnwj', '7pcnf2iv', 'opckeugf', 'i6u1x0xq']
9590	['5b9jytph', 'a0q61mpi', '0mwz8kwo', 'vvmb92wo', 'ropgq7tr']
9604	['clk482qk', '8vx56qlk', 'fm73ly1x', 'rcrok8lr', '353wr671']
9608	['nwb7qf9l', 'e7uvbra5', '5bk0w0sa', 'lq1qndxg', 'ug239kup']
9614	['soa71kwx', '2jwuzfan', '3kde69wy', 'hxpqexi1', '5zp3p2g3']
9624	['pwb7rw89', 'ba9uog5m', '5bk0w0sa', 'soz9p0yd', 'xsqgrd5l']
9630	['x4zuv4jo', '5aev7ltr', 'qgwu9fsk', 'bv7hvc1e', 'pxo11hwp']
9642	['1hobsclz', 'het7q42t', 'u8ptvem7', 'v9fz02es', '9ljou3ag']
9656	['fiiyythk', 'sykjpaz2', 'dugllpsm', 'hb2lieh3', 'gvtp8s8b']
9664	['eia1mvaw', '1xywu83m', 'u5e26byy', 'o25o8ejg', 'qbe538kv']
9687	['l2ak5ygj', 'pxpghfhq', '1npav6m4', 'i69uuezd', 'esmkqtvw']
9691	['7097q0r1', '2w80hys9', '0bdi3yxk', 'hlulg3wf', '24ie3mhq']
9696	['vp2t4xkn', 'qqdcs77q', 'oa81rhdb', '54aruvbf', 'qgxo9cr7']
9713	['fm8gril1', 'cxqzo58q', 'hbvwm62l', 'klqji8gj', 'or30thq4']
9718	['3ees74tt', '9e3mxt1a', 'ne7e12nj', 'bawgldfi', '0chuwvg6']
9725	['b9nsh19x', 'jr92ou2e', '5rdsn2mn', 'y7v9zc6w', '4socpj73']
9741	['lav0kp21', 'uv0wnj4z', 'vuzbni5m', 'fd4edh93', 's3qkscw7']
9744	['x7ffgtrd', '9rxv6fy9', '307rt03e', 'ewg9d4ei', 'fyzmun11']
9745	['0vy5yifk', 'wcmxmahq', 'ftjrg3dk', 'n5bnpzj6', 'm2bmp8s8']
9753	['52lcpf0x', 'jdg8gsve', 'uba4wym6', '3ees74tt', 's9lkvzpo']
9759	['9nyfz7s2', 'qgxo9cr7', 'jmu2cfnd', 'v0y734lu', '08mfxvql']
9760	['t6rxsiat', '1jtln8wc', '1zuhilmu', 'f74g59b0', 'h4fo8h90']
9761	['t6rxsiat', '1jtln8wc', 'h4fo8h90', 'uazqkay9', 'c59vfq1o']
9768	['g5ftdku9', '89fglwvk', 'g5k0po72', 'ttvlddm2', 'zkdk2v5e']
9771	['db8fl9d2', '9b6cepf4', 'qdw86v8i', 'wzqdo1st', '33wqmdnk']
9794	['dsfbmhbj', '81rxs247', 'pfh6nm9r', 'q9bwvh0t', '7a7oi5dt']
9803	['tra5ewc5', 'f96qs295', 'iu1d9i57', '2tre0wat', 'dt2pew66']
9813	['gss2lw8m', 'p91vvukr', '5upb25gt', 'rlr17nah', 'o1eecluy']
9814	['xk6rp4e7', 'tc21pcjw', '1xvj7xq7', 'a7nj8sgl', 'h8ej5w6j']
9816	['l9lni5d3', 'pc2cnhjd', 'zc10b6j5', 'xs7vkm19', 'bwmpamea']
9819	['l3k9bb5m', 'o68mentl', 'mg8uyeuh', '4co920gp', '66m524kj']
9825	['l9lni5d3', 'hqapg5ow', 'pc2cnhjd', 'mcmqx7og', 'wq92nfnd']
9828	['gbrf7fh7', 'gvihovvq', 'cokx24kf', '5q6cnfse', 't0s5ufzv']
9836	['k5t5rjhe', 'a17tumo7', '9miesbf1', 'kokfufba', 'bsypo08l']
9840	['b5vreb7n', 't4os33em', 'cn3d6j6z', 'x3z7utn4', '4uieqidm']
9872	['8a8eheip', 'x7ybnese', 'gpdr4gfh', 'flqdf8vd', 'qn6wawxk']
9924	['zueprmdz', 'wr4r7jd8', 'f96qs295', 'l4y7v729', '9b6cepf4']
9933	['0emibwp3', 'r58aohnu', 'opjfy3xr', 'cvoef8qt', 'zycgczqy']
9937	['1s8jzzwg', '0emibwp3', 'wq92nfnd', 'f96qs295', 'e0pbs354']
9940	['pxpo8jni', 'a6gczznx', 'd7eshkim', 'hzh4wmtb', 'jcueu1xh']
9953	['ivy95jpw', 'l97yi8l9', 's0ca1r5s', '407va85q', 'qeqd4soe']
9958	['407va85q', 'qeqd4soe', '4ercv3oy', 'jiunpwz9', '2l883zhe']
9959	['v2tehu35', '0fpa1f30', 'mtq19xku', 'uk6whrhz', '5frs2nhl']
9960	['a8065dca', '7vsv726x', 't1mbyvs0', '7cakttlp', 'zcnr1e2f']
9965	['hezheq49', 'vprj63y2', '9megonpn', 's1kxxx1v', 'q10pvwf5']
9997	['0vwspd6l', 'bran54ku', 'p8ckcvyj', 'mobl9jp5', '0w905c2x']
10006	['jk0ju2eb', 'pc2cnhjd', '3fiqpart', '0emibwp3', 'qi1henyy']
10008	['qdw86v8i', 'db8fl9d2', 'e63j8gci', 'zycgczqy', 'opjfy3xr']
10011	['eys1k8gb', 'xxm6o1l1', 'ziaiufzs', 'vblfew3o', 'jvgq2p61']
10018	['eys1k8gb', 'vblfew3o', 'ziaiufzs', 'xxm6o1l1', 'cvbxv7h7']
10025	['ob5bs4wr', 'fdkt6moe', '9ud32cvb', '4rzttwyp', 'mviiowbw']
10027	['v5beddu4', '9ixpj162', 'plzklj7c', 'b4mjo92p', 'irx4pcsx']
10107	['p91dk324', '0gxjjqpd', 's6lzr81h', 'b1s3ubm1', 'jk0ju2eb']
10111	['1s8jzzwg', 'w1bx4a7v', '0imnd2q5', 't0iw2vod', 'ra2njvcz']
10125	['r58aohnu', '0emibwp3', 't0iw2vod', 'umvrwgaw', 'pdfl15fz']
10137	['uo3ww8j4', '35xqlryc', 'p36ilfqj', 'lg6qorv0', 'o8lasxcb']
10140	['u5rbvc3i', 't0zphgfl', '05lgp662', 'fnguelau', 'wivk0bm0']
10146	['kxx3szjq', 'glyoiu93', '8pislcjr', 'vw8a1994', 'ijdk1nnc']
10167	['1crb3kcu', '72jwlfqr', 'kvcx11yo', '6xs4y2uw', '9nostuqg']
10182	['3u3i5myh', 'byw8jsqv', 'idlmau69', 'gydzq4n3', '4rzogopt']
10186	['lghvztz8', 'e56ivoz7', '4rzttwyp', '1t78tt1s', 'q2i328sz']
10202	['v0f5vxk0', 'y442ugst', 'rnkti5s2', 'w9qei8zj', 'xkmy79p9']
10223	['0r0zdpds', 'pu12u627', 'f96qs295', '9mn6trtn', '9b6cepf4']
10228	['trrg1mnw', 'es8l29ub', 'qnuphz59', '66g5lpm6', 'hsm75cww']
10238	['vp2t4xkn', 'sxl49cs3', 'ypt4kt78', 'mx1d9qqg', 'bh8zshy9']
10246	['cfbj6ize', '5c1e0770', 'xj1nw76b', 'r8vxz5vu', 'dsfbmhbj']
10253	['d8lmft7i', 'y0qrxya9', 'onjgfr4j', '87eay83x', 'no45mgyd']
10262	['gd19rkm2', 'xua4f77e', '5f5npz07', 'thko9six', '04n7uz4s']
10268	['m26xr9qr', 'elu3dztf', 'qtzhfnr6', 'gqwwfpch', 'otfb69ft']
10295	['eia1mvaw', 'qbe538kv', '1xywu83m', 'u5e26byy', '9dlaaye8']
10306	['jjh1z5c6', '0mwz8kwo', 'vvmb92wo', 'x9sfgtim', 'ropgq7tr']
10315	['dljqpvyk', 'vgk1sgcp', '1uabldiq', 'hgvqjtfa', '1pemhh4n']
10327	['gg5c8v7d', 'm4u4ulml', 'qmo1zzkg', 'vbnke2q5', 'dkderykk']
10329	['rg3iygo4', 'f6li7qil', 'ihlkhh2d', 'lav0kp21', '5ojyly05']
10333	['bu5kfsfi', 'ecobfbpg', '5ngg5hm4', 'qydo3yr9', 'nzat41wu']
10337	['zv8xt1dd', 'b2oi45ei', '5ngg5hm4', 'iuxrxwom', 'dogie34u']
10340	['1wcfrvnd', '0igh53pl', 'd3pxk5tr', 'f9vxfk68', 'glpca9u0']
10346	['ylojjfri', 'm13ndhaz', 'f6i46t3h', 'ftjrg3dk', 'ybcr7clp']
10370	['jpby8m6r', 'zzscey1f', 'uyo1rpx6', 'su028g3j', '9y9lkt4x']
10395	['8r7hnpij', 'wl7odjo2', 'eagkc9ty', '3unp46lw', 'hhg2nyoz']
10430	['sxq2063i', 'ywvk6gu6', '5tdmh0ac', '9wvlt53w', '53zopedx']
10431	['z8ajje2l', '5al7jmeb', 'w45ih46q', 'ltga2btq', 'ismkry9r']
10434	['5c1e0770', 'cfbj6ize', 'xj1nw76b', 'gh6bizzh', 'onjgfr4j']
10442	['cfbj6ize', 'xj1nw76b', '5c1e0770', 'onjgfr4j', 'gh6bizzh']
10449	['mfziqu80', '5u63aqo5', 'ph7lkuus', '4r96f92d', '1zuhilmu']
10454	['ovd98r01', 'dp274ls4', '66g5lpm6', 'ebfhlpcg', 'es8l29ub']
10465	['be8eu3qi', 'mf73oqp6', 'aizquh16', 'td3drkgw', 'r6943zpb']
10468	['tlknj4hm', 'fm8koqjd', 'q10pvwf5', 'lf9i6x2i', '5525dp31']
10490	['8lzpz58y', 'kd3as3b9', 'cc23zega', 'n0zppf8v', 'ikon1ktb']
10493	['8lzpz58y', 'kd3as3b9', 'z2jtzsl6', 'rwovxw7a', 'zvmwubuk']
10497	['iqe6sdq2', 'yn9qcwvq', 'z2jtzsl6', '8lzpz58y', 'pxhetma5']
10511	['icnjhhyy', '4mp1iu55', 'lxzmiehr', 's7v66pvg', 'cr1gyx66']
10528	['3znsneqq', 'i88ccp9w', 'ielatiaq', 'a64w0a1y', 'x208624q']
10530	['fe14iohb', 'zowgwnjq', 'konern28', 'd2pzezq8', '3zdv9zim']
10558	['1tz7y2sh', '3jgm3uhs', '39u1luqn', 'f07go7nh', 'idlmau69']
10563	['4py6l839', 'ok9o9tta', 'on1y4mdw', 'fe72aj3a', 'pz3e9y4i']
10580	['8dgahmka', 'ua7hsfma', '8gogju5n', 'wnpmwne1', 'lm2qoahq']
10582	['b1s3ubm1', 'isniqv6b', 'mcyeyl4s', 'iuxrxwom', 'cb3u1s7s']
10583	['h4fo8h90', 'ezrarusj', '3kk1l0ag', '1y1ik2u9', 'h4kc04w0']
10592	['d81rq6b9', 'l9lj98b1', 'jyxrk9bz', '7fyhx6c2', '5rpd8d0t']
10599	['nkzweuft', 'eywnnzxe', 'y203109o', '4bbapd1t', 'byw8jsqv']
10608	['7esjlc7i', '407va85q', '1ov3eydq', 'vrjibtfi', '2l883zhe']
10618	['ivy95jpw', 's0ca1r5s', '2v6zigt8', '407va85q', 'cntmsia6']
10647	['d2pzezq8', 'konern28', '8g70j0qw', '60en5zy7', 'msxp1qkx']
10665	['ropgq7tr', 'x9sfgtim', 'umvrwgaw', 'w3ls1d7w', 'wq92nfnd']
10682	['wfa5fb3r', 'is9a77dk', 'rtus1qyw', 'styavbvi', '22q7tngp']
10685	['g9rs9cx8', 'xxm6o1l1', 'fjuehj70', 'z94skip6', 'h8tv2u77']
10702	['uv0wnj4z', 'ue09khtb', 'vs730te0', 'wqu8dm15', 'l2i3aa3k']
10716	['gefb43hh', 'xs8w9shx', '0qnvydux', '8uxvqspp', '5dwkunqw']
10722	['3jigt8mk', 'j8dtmy7k', 'ybpev0vi', 'ghssymgb', 'ep6uuulm']
10733	['byvsuvn0', 'is9a77dk', '6hehg1yf', 'rtus1qyw', 'ok9o9tta']
10735	['lt51utjm', 'r4btmprw', '811lov8f', '3i82sxk8', 'w3m884ng']
10741	['g5ftdku9', '89fglwvk', 'g5k0po72', 'ttvlddm2', 'lny446a3']
10745	['tra5ewc5', '0r0zdpds', 'zycgczqy', '80cbwj3o', '0hbyplqq']
10752	['rzahax88', '80cbwj3o', 'hunepli1', '1nk1t5qs', 'faj85qxc']
10758	['61ltmgyx', 'b3ap3gac', 'qxqo23i9', 'x44oc1k6', 'n3xm6c0y']
10763	['ok9o9tta', 'mut94ov1', '2ojy0mvo', '4pjfnund', 'mb18fj8a']
10768	['ax3e82js', 'r76tqrwz', 'jiunpwz9', '0r580il2', '1l4o9pko']
10777	['p4ejdth1', 'qpehyolt', '3wk58t5t', 'tmdsyzyt', 'lsares5t']
10781	['66fi7e69', '5hxsagx6', 'krtqq8uo', 'nksd3wuw', '9t1blpbf']
10789	['vdgu6h0a', 'gqwwfpch', 'llcit7x2', 'od5nnxvg', 'l9lni5d3']
10801	['2kh4iw8h', 'sxq2063i', 'i5j4nmjz', 'c9sidpy9', 'xmiefdez']
10822	['v6w9mlsa', '747lx5c2', 'nq79qw82', 'ug239kup', 'r8qzhm55']
10824	['i94boetk', 'fq1am5na', 's96b0s76', 'p576v9du', 'ikz8ui8y']
10825	['y6jrt5xh', '7wu8bfo4', 'foopvh5z', 'jbmzvljk', 'dgcawqyk']
10849	['jqueo6zg', 'ir20eiqr', 'hpr8rt9n', 'odlf9z1w', 'gpdr4gfh']
10868	['gsvzkivp', '88ivkkaw', 'e9m31jyc', '5reb2q82', 'mru0mcup']
10886	['nzc9essr', 'k9n2a5ss', '99irhqbu', '5xk20hs5', 'mrxpmqw8']
10892	['r5iu5nr1', '4vkkaqhz', 'cfhu5246', '3jn7tdaj', 'ow39tpxn']
10896	['01h205jf', '32ua8wb6', 'v1egyqt4', 'xolflz8g', 'cmx0rkvl']
10899	['fcb8egak', '4j8b8z4t', 'unnrflmr', 'mhj9o5z5', 'sgiuqs6z']
10900	['d3pxk5tr', '0igh53pl', 'ereh4ub8', 'hi4a02kw', 'tsv0rcr3']
10913	['ai60maqz', '0emibwp3', '726t123x', 'l2i3aa3k', 'wtxhbzr9']
10914	['fo4ax1od', 't7bonus8', '66mhasjt', '3f9uj8r5', 'cvoef8qt']
10927	['nf6n6afo', 'p97kgjmp', 'k9erix1s', 'jj2u35z4', '6kbdxhxv']
10944	['6oicmeam', 'lpqdnuil', 'kc3nb2pc', 'w7gr98j9', 'hfk8nikl']
10953	['ivy95jpw', '2v6zigt8', 'l97yi8l9', 'qeqd4soe', '407va85q']
10968	['2l83gyx5', 'cd7cfpx3', '46al6phc', 'yu2qzp18', 'uazqkay9']
10975	['furicopj', 'birrxj48', 'fedv6m9o', 'ps5crd29', 'daxv3reg']
10991	['5f95gve3', '1fgnfh62', 'hcooar1n', 'b31ctbat', 's7sq53zy']
10993	['91ea40nz', 'wb966r76', '5a5a8ifz', 'ta3zlz4z', 'm13ndhaz']
10994	['3u3i5myh', 'byw8jsqv', 'mfp9jbti', 'z6elaxpc', 'a4klrp3h']
10999	['06yuz5pn', '36amafub', 'hngra91q', '0xo6nt7n', '1ma4hp52']
11000	['r1m709hb', '25bdifv6', 'k2zrdjyo', 'supf8vel', 'uqeikj0m']
11006	['tv1a1hwj', 'jvood8ur', 'f0t6n2j1', '4w8hz49k', 'q9d54z1s']
11010	['u5e26byy', 'd7eshkim', 'n1r841sz', 'ch4ouyvj', 'g3uiyy6t']
11048	['yn2aylru', 'i9jrobdb', 'jjgfgqwg', 'ljpeq5aw', 'q5wiqpcb']
11051	['zbkx78mm', 'k3mz6lf1', 'cc23zega', 'v10454ns', 'td3drkgw']
11056	['3xup6glg', 'vjpf1fk6', 'u1ilcmm2', 'o71p89nb', 'xui25c83']
11069	['kb3xi0fk', '5kchpjx0', 'vh3qs9xv', '35ipnfx0', 's1qugmyt']
11071	['tra5ewc5', 'f96qs295', 'pu12u627', 'iu1d9i57', '2tre0wat']
11092	['e8m2n9v6', 'my02g4vc', 'kkskmuw3', 'fd4aag2t', 'iuenuigz']
11117	['j5b0f3uk', 'birrxj48', '02bk8vtk', 'furicopj', 'ehszmbnc']
11124	['855atuue', 'jk0ju2eb', 'lav0kp21', '1uabldiq', 'ypt4kt78']
11125	['qeqd4soe', 'roe6g61u', '2v6zigt8', 'ivxvry3u', 'nxu1xoax']
11141	['eo89w6qp', 'ppuki7qn', '71ixs3y4', 'c9cenvt4', 'vjg00epx']
11165	['33wqmdnk', 'f96qs295', 'db8fl9d2', 'k8wb51i7', 'l4y7v729']
11191	['sxq2063i', 'ywvk6gu6', 'ovgk0wsn', '5t4twnpm', 'i5j4nmjz']
11203	['yeowvvqi', 'hpj8gb4o', '9zrcdurq', 'tmwt9yd6', 'g15tvzn4']
11210	['z86g8dzs', '9pb2eqoa', 'w0ebmg16', 'xtraspw2', '9qsqj91d']
11223	['oa60fwht', 'jbimjcx4', '7vc93ewa', '32wdjjwu', 'o34l05d0']
11245	['h2h4bnd5', '3otvtwbb', 'sok0cyd3', 'jvog9dpj', 'opckeugf']
11248	['z43p1dmf', '95wclabe', 'y7082lr7', 'xj02160p', 'puu8wib8']
11256	['ypvzanog', 'cwdtyr1v', '15q47bw5', 'dobxp4uy', '94rcj9nc']
11264	['3jn7tdaj', 'gdfvt4pu', 'shad8im4', 'qfq1nfcn', 'ok9o9tta']
11268	['0mwz8kwo', '0emibwp3', '7ruoysxu', 'a0q61mpi', 't0iw2vod']
11271	['2um2wbcs', 'z9csj1bh', 'm0598zrc', '1rxw5xro', '45x7ubub']
11280	['7wu8bfo4', 'ruewzstg', 'tvhn7lnu', 'fo815n5l', 'ybcr7clp']
11290	['gbpfypmn', 'quhnesbr', 'lqz921r3', '9n7a9g78', '5gldyo2d']
11298	['qj1v04cf', '9e6g15iw', '15q47bw5', 'b4mjo92p', 'dobxp4uy']
11299	['gmp22v65', '312cg7b7', 'iwd8nkls', 'cfkeqgj3', 'w7xaleep']
11319	['hn6clwoj', 'a40yhtqk', '675v58x8', 'pa000mr8', 'uohbxoeb']
11332	['p485vc0h', 'vl7eqzu4', 'pg5ts74v', 'ok9o9tta', '0l5li1f0']
11347	['cimmc4y8', 'sbjwaj3y', 'f14zbj4o', '1gbq9j88', 'tb8k979g']
11363	['d2pzezq8', 'iepagac8', 'jmzjfwxi', 'zowgwnjq', 'bttme4wn']
11373	['ivy95jpw', 'd21lvneh', 'belhjr5e', 's0ca1r5s', 'aakzdkcj']
11384	['s7glsesb', 'tyqeguyf', 'p3jvuj8k', 'm5a8toj9', 'd4upbc3v']
11392	['f296patc', '7jjxpbpa', 'yxe19kwe', 'vh4uq6d9', 'sbjwaj3y']
11395	['3xw4qjoy', 'xp2qkk52', 'ax87r0bj', 'ecobfbpg', '45r6aieu']
11412	['v13kzr5y', 'l9hqalbo', 'dsz66r4u', '6frn41zd', 'jdsha5ol']
11426	['oyr4klqk', 'spfc0fc0', 'd6a6nagk', 'qvf7wcow', 'wfpojxof']
11430	['46no7uq8', 'pf45ex8k', 'idhbd102', 'ghabnnv0', '43uwgep5']
11431	['h1wycwxc', '6tlzij5v', '6prgaitk', '64l9la82', 'rog2h4g7']
11432	['osct0lj6', 'bakwk4tm', '70inem5k', 'kiq6xb6k', 'hm332jqo']
11448	['o7qibwzj', 'oyplh9cn', 'jgbwd3ib', 'kc3nb2pc', '3jfok14h']
11461	['s19w1p2i', 'be4afbyo', 'dgng39yd', 'gqwwfpch', 'n1ysi7qc']
11463	['m2z6k2va', 'o6dd2vu1', 'pppb83nc', '7ruoysxu', 'cg6v3yma']
11473	['l3bruaeh', 'dew7ug4s', '39tvv57g', 'vithq7z7', 'ch4ouyvj']
11483	['6j45mmjh', 'hpbcwiwf', '6fpw6y8t', 'jbpmbm9m', 'mwj0xc3q']
11489	['ijoyk390', '92tvskxw', 'y89e2dju', 'f2jzz41d', '3vrg7zyc']
11496	['pv7tgwcg', '2q87yv17', '7auhiq44', 't1ho5c9h', 'b35rzdga']
11498	['ba5h6uhu', 'm9g1d7i2', 'ok9o9tta', 'o1eecluy', 'xq525smx']
11503	['2f09vauy', 'e7uvbra5', 'uyzalds2', 'ljpeq5aw', 'b5eve7re']
11510	['9iomlhpv', '2f09vauy', 'p36ilfqj', 'e7uvbra5', 'o8lasxcb']
11511	['t7xaqtgo', '6a1fl65b', 'yt2fp8zl', 'hgcsfxwo', 'cq5z8lqu']
11530	['3wo90f5u', 'e9j4b00a', 'ozbmgd70', '166b6fep', 'yr27lnq8']
11539	['mxfub1b6', 'dqfndau7', 'mck3rgcm', '7h4x679r', '7kfzix2n']
11552	['ropgq7tr', 'x9sfgtim', 'u8mu4yga', 'h7ftu3ax', 'w1bx4a7v']
11559	['1pemhh4n', 'n9aqux5a', 'f60z8jo2', 'cj3cpn5j', '7a543f7v']
11573	['jb3wc81d', 'cplyj4dm', 'sg1e404x', 'ix48o00j', 'dohy9i21']
11625	['rwevmwcr', '37gpov43', 'irgnrr0j', '43eh69dx', 'k4ttbbix']
11631	['p3rnfifj', '9jlnker4', 'astxi4el', 'u9nmqcgs', '8900eg64']
11633	['cfbj6ize', 'xj1nw76b', '5c1e0770', 'gh6bizzh', 'onjgfr4j']
11636	['bzeqs5oh', 'oyr4klqk', 'vbhijlmn', 'p6uliadr', 'zbi0llig']
11638	['6aku7ghk', '0kuotqoi', 'csby7etb', 'fvcyqzgb', 'dxks8jiv']
11642	['g15tvzn4', '0o3wjvpx', '9kk8pevp', 'zv351n3d', 'ilnudz0g']
11665	['0a1m1niu', 'mf73oqp6', 'vzloj6b3', 'dkderykk', 'ivug325f']
11676	['faj85qxc', '6j45mmjh', 'es7c7szs', 'ffy19pp9', 'jdob76wp']
11680	['3sr2exq9', 'ffwdsnx7', 'k0f4cwig', '8j3bb6zx', 'sv48gjkk']
11681	['es8l29ub', '66g5lpm6', 'g7d2fi5o', 'zli3t1wx', '8nx0ie5k']
11697	['e6ccoc21', '306381wy', '597jqeoj', 'bttme4wn', 'pggf4wyo']
11700	['7g7sgabs', 'r1tl2hrk', 'vsphu6ih', 'o78vcy90', 'fdkt6moe']
11706	['7esjlc7i', '1ov3eydq', '9wnkmn27', '407va85q', '3m9yonqe']
11749	['ljpeq5aw', 'uyzalds2', '46y1pa7o', 'p36ilfqj', 'e7uvbra5']
11764	['1s8jzzwg', 'ximw03ej', 'ropgq7tr', 'wq92nfnd', 'x9sfgtim']
11793	['dsfbmhbj', 'cymppa7g', 'po32j519', '6e0yre69', 'kc6dls2z']
11798	['4pjfnund', 'y442ugst', 'irk1gxeq', 'vmmwtdia', 'ueid1mma']
11815	['dsfbmhbj', 'urv9o2f1', '7a7oi5dt', 'rhnr430g', 'n4qil86v']
11817	['3jn7tdaj', 's8nx7wim', 'qxxn1zf9', 'fu61afkg', '5jl2whuu']
11827	['6pn9jwfn', 'vmmztj0a', 'iff8cuum', 'li8kvzdh', '53zopedx']
11829	['ptnjbhtw', 'jf9whlu7', 'y2bsx8p2', '1iclw0nt', 'w7smahni']
11836	['z8ajje2l', 'ltga2btq', 'ijzoa0yn', 'w45ih46q', '9fsk7ftz']
11845	['f96qs295', 'ximw03ej', '5yscqct1', 'tra5ewc5', 'nr0fu2qb']
11846	['tra5ewc5', 'f96qs295', 'iu1d9i57', '0r0zdpds', 'dt2pew66']
11850	['xd5uhah4', 'e0a1t2ig', '0njpdbv5', 'ti8hnjgc', 'n1ysi7qc']
11868	['vmijl5yu', '5cno180i', '49jkx2hc', 'vabb2f26', 'i6zofi4g']
11884	['u95kg3m0', 'nles7ymd', 'qv89gci7', 'kkskmuw3', 'c8od88jh']
11899	['8iqs6jko', 'g57r3son', 'usyduiti', 'ohkki0ke', 'w0ebmg16']
11913	['gc9eg5j3', 'n2ih64pz', '1mu1o8rj', '23n5r8qj', 'zsygn29p']
11915	['t4y1ylb3', '7wu8bfo4', 'ruewzstg', '7a543f7v', '8l5i1z27']
11923	['bsq640o8', 'umrk96gz', 'a9prti0f', '7f5nywod', '3qtxnbb2']
11925	['mjb3ip7a', 'o476dtgd', 'ax3e82js', 'p6uliadr', 'zbi0llig']
11940	['3u3i5myh', '54fmvcl5', 'q3yt3udf', '70s04wty', 'z6elaxpc']
11961	['k1ktytot', '83lgqe5c', 'c7g2ah72', 'gj8p22hq', 'lav0kp21']
11962	['fdn6h4gi', 'awm7dj9o', 'ntxr1ivx', 'i6o608fm', 'asi26od1']
11973	['0jvoa3ui', 'tffhk1hy', 'lsrpk3wc', 'sb5ce0g3', 'udr7gxv2']
11974	['3bbiyucq', 'hezheq49', 'jcp3u4mf', '1tqwmy8m', '43fwrlk5']
11991	['ao6632cb', 'na3c21pf', 'zpxnr9s9', 'qomhaso3', 'gap91mwc']
12002	['5aev7ltr', 'qgwu9fsk', '0oq0xmzr', 'bv7hvc1e', 'j0bu0upi']
12007	['iatmjkzk', '1m2mp7o7', 'z0hy52cu', 'lme6vcqs', 'nagj4wh8']
12013	['m1tv7mgm', 'lfo6otkc', 'dfl69g4f', 'ut1k8xe7', '0retx7ty']
12041	['3u3i5myh', 'idlmau69', 'byw8jsqv', 'np1y2fkt', 'pdd5wepz']
12042	['pmd78j61', 'lbd6hn57', 'mqzus147', '43joavrl', 'd9egxof5']
12060	['8qdcls1k', 'hunepli1', '3u3i5myh', '353wr671', '70s04wty']
12075	['ohkki0ke', 'usyduiti', 'hl956i02', 'g57r3son', 'wn98fql3']
12091	['2sb905jt', 'j7vm8h9t', 'x996e0cn', '3a5965df', '9ui0t9tf']
12097	['g5h4tazp', 'hm332jqo', 'nb27fn2z', 'zd8c1no7', '4aps0kvp']
12103	['g5h4tazp', 'hm332jqo', 'xavegbty', 'klj710h2', 'on53pegz']
12105	['g5h4tazp', 'g4250q6l', 'dzkf7c7l', 'yjqt74q0', 'ohfi48d6']
12107	['g5h4tazp', 'tuqmar6w', 'dzkf7c7l', 't023li1a', 'hm332jqo']
12109	['u7ao9dwx', '92ljfia5', 'dgng39yd', 'yn2aylru', 'be4afbyo']
12113	['wq92nfnd', 'opjfy3xr', '8m59whf9', '65efipbi', '5upb25gt']
12114	['g5h4tazp', 'hm332jqo', 'xavegbty', 'nb27fn2z', 'hbkl5cam']
12131	['ocguwlam', 'u1s6ciy4', '4wbkis5w', 'quhnesbr', '675v58x8']
12137	['j05hs577', 'mtq19xku', 'f296patc', 'pv7tgwcg', 'cz0jg62z']
12157	['tra5ewc5', 'f96qs295', 'jjh1z5c6', '5u63aqo5', 'vvmb92wo']
12164	['omrb959r', 'ho832o9g', '4cnk76lb', 'hhuu7ol8', 'c0ipfbeg']
12180	['9pb2eqoa', 'xtraspw2', 'h7ftu3ax', 'e1mnj7bf', 'upiu3e2d']
12214	['geo7ac5i', 'd0cd89hs', 'x44oc1k6', 'tov6uq27', 'tlr243il']
12221	['726t123x', 'w3d33mq0', '80yu5aiv', 'wq92nfnd', 'opjfy3xr']
12235	['n86w4vkx', 'vadaxbsr', '1fxb5vru', 'qci7khki', 'lrgmyfjs']
12253	['w0ebmg16', '7zngkwoh', 'mnjy6bq2', 'vvmb92wo', 'e1mnj7bf']
12256	['4vuucmfd', 'dyb4bl65', 'kyt14ufu', '63b7yidq', 'suqkidrm']
12273	['7vdd5f4t', 'vuxxerob', '3rxis57m', 'ykfidmzv', '39mfts0g']
12276	['2f7wqamp', 'hqapg5ow', 'hf79cbuq', '5b9jytph', 'bmmdygbs']
12277	['9195zweg', 'xs8w9shx', 'njivwikk', '52qpcg63', 'g05z8cux']
12278	['awfgfmx1', 'cvbxv7h7', 'v4pkwd44', 'v8ujnrbi', 'yy77zuu4']
12279	['1peg3502', 'xui25c83', 'fpexa30s', 'wbix36hf', 'wv2gzahy']
12286	['hwpn7ti1', 'dntzzcue', 'm31pjcrl', '0evl3wnd', 'ueh60bz2']
12287	['9195zweg', '1peg3502', '8glhd9xe', '7oipjzq1', 'fpexa30s']
12312	['72ncfyc5', 'bttme4wn', 'p3jvuj8k', '9zg8q0gk', 'lsares5t']
12320	['mdx41yqn', 't006jnl5', 'lav0kp21', 'y2oqlr9x', 'wkl3jyzn']
12334	['93amoypt', 'acyexmyq', 'iali360u', 'wxrv37ec', '1fxb5vru']
12337	['ddwrvlc9', 'pmd78j61', 'j4pgpxoe', 'tf5a48i2', 'mqzus147']
12372	['y6jrt5xh', 'pofysmv8', 'bbhb1cre', '7wu8bfo4', 'qa4njmyt']
12393	['h2h4bnd5', 'wuazkwsi', 'yvbmbnjw', 'cv5jhuc8', 'vdgu6h0a']
12404	['h4cu63cm', 'c0i45oix', 'glxt2q6f', 'u0jddsup', 'mjb3ip7a']
12406	['2uidarm3', 'tl1o1wr9', '3jfok14h', '2lk2vm5r', 'oxa5gcxj']
12423	['q1nye2ih', 'lav0kp21', 'mfp9jbti', '3eq34w2u', 'bbhb1cre']
12427	['pqjumz2o', 'lirsu408', '8ti6r0eh', 'yr6z0eki', '7yias3rj']
12447	['2cwvga0k', 'f3eogz0n', 'igm2qr4p', 'uka69z83', 'lypptk1l']
12461	['hq75gfd2', '98t617oo', '4budtw8s', 'bv1v3awh', 'yr6z0eki']
12501	['v4ubd1l6', 'mom4y7cl', '4hmecfi0', 'ez1l3m4o', 'w25jpub7']
12513	['sem6z3ka', '9anlwi27', '39u1luqn', 'qb1f03hz', 'h13p6ogs']
12517	['9avmlz30', '96lxmeqx', 'a242g5kg', 'lt7qsxxh', 'h1sura49']
12530	['vvx3zukm', '2uy0jjdh', 'cn0hqvsz', 'bns5eb1t', 'byvsuvn0']
12551	['mb18fj8a', 'ktv6fk7q', 'es8l29ub', '66g5lpm6', 'ce1a9k8b']
12572	['3u3i5myh', '1iago9rr', 'byw8jsqv', 'pdd5wepz', 'z6elaxpc']
12579	['0g4naq14', 'jghu52qi', 'hkk23tqt', 'lme6vcqs', 'n9fddzn8']
12582	['i03mrw1i', 'us518bwp', 'dp274ls4', '77t3216a', 'kojb8efv']
12596	['qmo1zzkg', 'kuvdbr09', 'l9u3c1dg', 'cc23zega', 'wjdif3r3']
12603	['u1ilcmm2', '3xup6glg', 'cv5th7hd', 'vjpf1fk6', 'hqod7v2l']
12622	['x9zg7ulr', 'jmhexmet', 'hi4a02kw', '45r6aieu', 'm1d8znrs']
12637	['xf7k56sp', 'qwgufqcs', '2mtuw7gb', 'qjfe2t9v', 'hltkddac']
12643	['bw6a5gmy', '0zun27k4', '6e444g2z', 'z3msyl45', 'ouno4jpl']
12648	['51c22b8w', 'pi1yzeqg', '3ls0po4k', 'y420tku1', '0ojzssli']
12662	['nb5ayz0h', 'r82wsb0s', 'yjibz8ie', 'w7smahni', '3d74ihpp']
12669	['ua7hsfma', '8dgahmka', 'wnpmwne1', 'tx3qbg32', 'k18k0kuk']
12689	['hqod7v2l', 'y98m15aq', 'z5jbjx59', '3xup6glg', 'vjpf1fk6']
12697	['mw0wb8a8', 'xcsl2evz', '3r8jbhhq', 'dnxhtbxn', '69fmtury']
12709	['9n7bkayx', 'vgk1sgcp', 'mlo8zypy', 'wb966r76', '2nj7rn4q']
12713	['6ki9km50', 'j5sj9b3d', 'ii2fmi39', '2w80hys9', 'dx3ez40b']
12715	['lwhy2spw', 'ok9o9tta', 'lanpynie', 'axa9cqk6', 'zzph3va1']
12730	['vdup9q7v', 'myeiu66g', 't5iz3vdz', 'j3b964oz', 'm7q1roay']
12731	['eje3i558', '38d6gb7o', 'uuy94dwa', 'b31ctbat', 'myeiu66g']
12737	['3oetrhdh', 'b1w9ns78', 'jmdrupds', 'kjd2t69f', 'rk9hsw2b']
12738	['iu6epm2i', 'g3hujz5o', '09vzcqyr', 'nbqukjzv', 'gobik7kl']
12743	['3oetrhdh', 'jmdrupds', 'bhleyzhc', 'ko8lyoob', 'd0nacth6']
12754	['l4y7v729', 'f96qs295', '2fokjcjr', '9b6cepf4', '3h80bn0k']
12761	['8iqs6jko', 'w0ebmg16', 'bmmdygbs', 'vvmb92wo', 'ygvg9jfe']
12766	['iwdklgyp', 'w3zbf5k4', 'ajlpb9li', 'shxxhqx3', 'az7f7zgr']
12799	['ohfi48d6', 'ewb09f5h', 'us518bwp', '3dconbli', 'e7gq365q']
12801	['1m2mp7o7', 'w301ofxi', '1l0vrbi0', 'm13ndhaz', '0kqlxx26']
12805	['ox59xb6z', '7b570emm', '8xgp6nhy', '52jtd51o', '7a543f7v']
12809	['rb20ge7e', '7xnga86x', 'x73moqog', '5jlohhmv', 'ljlsvc9h']
12822	['ruewzstg', '8l5i1z27', 'cj3cpn5j', '7wu8bfo4', 'sr9qxnu2']
12829	['r6pn17no', '2ax0z8r6', 'eahv0nxf', 'zu8dg7ma', 'fnts8nhc']
12831	['sts48u9i', 'qkg8fwbp', 'eml8uilb', '25jq098w', 'fdkt6moe']
12834	['gg5c8v7d', 'ikon1ktb', 'dkderykk', 'm4u4ulml', 'n5kgdoln']
12838	['x220pjeg', 'cnz7jlw4', 'mz1bof2x', 'f0kcf2y0', 'ps5crd29']
12842	['ufcheghf', '1h9ewx5j', '0d77ojnb', '2cq5vpyd', '2nthllnv']
12886	['p8xpavbg', 'w0lgteil', 'ce1a9k8b', 'lmzkseiz', 'xkmy79p9']
12907	['tra5ewc5', 'f96qs295', 'iu1d9i57', '763v4duh', 'dt2pew66']
12910	['zycgczqy', 'f96qs295', 'opjfy3xr', 'wq92nfnd', 'db8fl9d2']
12916	['cgxs9uam', 'unx1pv2k', 'mj9xc5fv', '1igydu3y', 'cpp2l8n5']
12920	['x4crng5j', 'cgxs9uam', 'm5pe8kr4', 'mj9xc5fv', 'xl0zb9zj']
12926	['630w2rtn', 'xhkjbeam', 'b6bl0xrc', 'emg87q94', 'w3fxltzw']
12950	['7xnh53x0', '28wn23nl', 'cmeiqnng', '8v7lldhx', 'iyopfos0']
12954	['9195zweg', 'xs8w9shx', 'njivwikk', '52qpcg63', '92qcakzi']
12963	['wrnooffp', 'aktcrflj', '6lz0kjen', 'g1w6w5tm', 'zr9zx7pv']
12967	['01c1hxav', 'x208624q', '2bm389su', 'p0brp6qd', 'ww2767gn']
12972	['tweqie5k', '4ohgr8j7', 'nqcorcud', 'vq9mtrmg', '0r0zdpds']
12973	['2cwvga0k', 'uka69z83', 'ybaxa1vg', 'f3eogz0n', 'bmrxgkz7']
12984	['f96qs295', 'opjfy3xr', 'wq92nfnd', '0emibwp3', 'l4y7v729']
12989	['vrate482', 'tjplc5j6', 'asdcpvhx', 'pxpghfhq', '7pcnf2iv']
12990	['vrate482', 'gp3ib74q', 'tjplc5j6', '7pcnf2iv', 'ywusapij']
13002	['4jyltfus', '918wd3ez', 's3qkscw7', 'fatm351r', 'jeufhpkq']
13028	['3u3i5myh', '54fmvcl5', 'r5v2gi3v', '4ylt5rhg', '72jwlfqr']
13045	['3sr2exq9', 'z795y51f', 'sv48gjkk', '69ly7gp4', 'ffwdsnx7']
13046	['7xt894vr', '6j45mmjh', 'y89e2dju', '4ghn6zbd', 'gtp01rna']
13049	['8fnis63j', 'xjrhd6ee', 'p0kg6dyz', 'jemmceyd', 'h400e0kk']
13050	['84z7jgcl', '5b9jytph', 'ruewzstg', 'gu4mz2vp', '1pemhh4n']
13052	['usyduiti', '1zuhilmu', 'umvrwgaw', 'w1bx4a7v', 'w2c01295']
13053	['r58aohnu', 'ok9o9tta', 'ju3d0xvy', '6cf23zfk', '1ddrc37c']
13063	['vdgu6h0a', 'gqwwfpch', 'n1ysi7qc', 'npe81wc8', '92ljfia5']
13078	['jvqlmqsy', '8fnis63j', 'slzh6uay', 'g4pd6g4j', 'hpyzi04z']
13147	['zpxnr9s9', 'na3c21pf', 'ao6632cb', 'ltga2btq', 'd9b814yp']
13153	['jk5tczo0', 'lsiy3quw', '6mpxu6r0', '9f0bjknz', 'sb3y2w6c']
13158	['1u532bz9', 'ghhxxkkv', 'brt4zrhe', 'nzc9essr', '4ohgr8j7']
13167	['rog2h4g7', '6tlzij5v', '8v7lldhx', '7xnh53x0', 'a4fj3c5e']
13170	['j0uojajt', '8xrccucr', 'm847xdzk', 'z22g03v4', 'flqdf8vd']
13171	['3f0pgo4z', 'raz9veem', 'n1q1wr9s', '3p31ei4k', '2sb905jt']
13189	['bzo4x7bh', 'lv1cd8ye', 'pqvptwhe', 'y2ezdqhr', 'fd4edh93']
13194	['c0ipfbeg', 'omrb959r', 'ho832o9g', '4cnk76lb', 'hhuu7ol8']
13204	['jgq968f6', 'k8vjv3zy', '376x58k1', 'qh7biax3', '0emibwp3']
13209	['ynaxwnlp', 'trrg1mnw', '3q36knqh', 'kb3xi0fk', '5xk20hs5']
13210	['sh9w4ipq', '1zd3hjpo', 'spicb5h2', 'lvykuqv8', 'o3fyh10z']
13216	['qeqd4soe', '4gof1yl8', 'dt8h6a0v', '9wnkmn27', 'o1xkgkn1']
13234	['3km6yfr6', 'vzdu9jwn', 'q9qtteqs', '4kyy2g76', '0999t5x0']
13239	['t0l6mlm5', 'jfdwo189', '6g4oclln', '28wn23nl', 'qnqh7fum']
13250	['3jn7tdaj', '6ovv79ia', 'rpjg4a9i', 'lav0kp21', '4vkkaqhz']
13254	['ncbjncfx', 'ln6t374j', 'g5uu01aa', 'rjelshrp', '0cybfr2n']
13257	['lav0kp21', 'd60chk12', 'dmqk247e', 'f4x16qyh', '4vkkaqhz']
13269	['vvmb92wo', 'ropgq7tr', '0mwz8kwo', 'x9sfgtim', 'h7ftu3ax']
13278	['1uabldiq', 'y98bleop', '1pemhh4n', '4iuxm6z2', 'xfcqbfse']
13280	['6t92yhti', '4z8i83p4', 'wu2dyleo', 'dqrp18c6', '3p8rdaoj']
13281	['oa81rhdb', '63b7yidq', 'dlwfu274', 'suqkidrm', 'zqjadbvh']
13310	['8hkxbxz9', 'lmzkseiz', 'veeavho5', 'jnz5by5w', 't4os33em']
13327	['d2pzezq8', '8g70j0qw', '60en5zy7', 'fe14iohb', 'zowgwnjq']
13330	['ysf5k0ky', 'samf1kwn', 'vgmzb03s', 'hzbtd39j', '3yi44xfe']
13332	['ok9o9tta', '73b58lcm', 'xvphsdg7', 'zdfslfmb', 'e49rdu76']
13342	['wa4gt5sy', 'ddwrvlc9', 'gnhvvpn6', '8gub6wmy', '898oxxqi']
13346	['f96qs295', '0emibwp3', 'jk0ju2eb', 'opjfy3xr', 'itxde5mw']
13352	['78d7vub4', 'z6elaxpc', 'zdfslfmb', 'm8xfza1d', 'e7gq365q']
13366	['cf3l8uzq', 'puu8wib8', 'g4nceu64', '33g2xvvr', 'axd0s9cg']
13367	['q1nye2ih', '09jbs6mx', 'bbhb1cre', 'qp34apct', 'jfvq2gfx']
13373	['1iclw0nt', 'k4ttbbix', 'ix48o00j', 'irgnrr0j', 'y2bsx8p2']
13377	['u30uz8sk', 'eml8uilb', 'p2cbfzmp', '2a12nsnl', 'jj2baaph']
13402	['tra5ewc5', 'l4y7v729', 'dt2pew66', '2fokjcjr', 'zycgczqy']
13405	['qn6wawxk', 'wrsk5vh9', 'b3ui95vx', 'dsz66r4u', 'xl9rwld2']
13412	['msb6wgnv', 'ansf1j7u', '8w2t6u96', 'ebvarrr7', '0x3uihto']
13421	['urv9o2f1', 'jk0ju2eb', 'a3efmczu', 'po32j519', 'lnxsblg3']
13445	['gw9hkw00', '47p4g80o', 'hz5vigp0', 'q4zuslmp', 'd3fpqczo']
13446	['xj1nw76b', 'cfbj6ize', '5c1e0770', 'vj6sw2ne', 'onjgfr4j']
13451	['g5uu01aa', 'ep9moftg', 'e1mtdo7v', 'uk0hlynp', 'pyz2tnhk']
13462	['ivxvry3u', '407va85q', '2l883zhe', 'ivy95jpw', 'qeqd4soe']
13480	['6vqf2n5j', '9vej295g', 'fe456in0', '7vdd5f4t', 'w0i3oy97']
13485	['2my9o9fy', 'l73htuz1', 'snk26ii3', 'vuzbni5m', 'qgt7tau1']
13500	['7f5nywod', 'fnedip6k', '3qtxnbb2', '4co920gp', 'pi9ndj9p']
13503	['gg5c8v7d', 'ikon1ktb', 'm22h669g', 'dkderykk', 'l9u3c1dg']
13513	['2sp8nm0i', 'brt4zrhe', 'pxulu0hl', '81pr5etw', 'nzc9essr']
13529	['mru0mcup', '5525dp31', 'wvfw94n1', 'dfhxcqr8', 'm4vu77v6']
13542	['3u3i5myh', '7a543f7v', 'ypt4kt78', 'urv9o2f1', '7pqy0ejn']
13555	['828eqxla', 'p8xpavbg', 'ok9o9tta', '58r5wcwd', '8g2mr8o1']
13560	['rn8eezep', 'p37dnoj8', 'bjycvoxw', 'uj0k84vk', '9eudsrjr']
13561	['k1n00gir', 'ansf1j7u', 'p9qeaedh', '81pr5etw', 'jb3wc81d']
13577	['gsvzkivp', '59xux3di', 'ebbaw3td', '8gl323hs', 'opogstc5']
13603	['f14n0hk6', 's245n3qw', 'eumvomou', 'neqeedtr', 'i5cfk52j']
13617	['4ghn6zbd', 'o6rgoe9t', 'c5zi5rzz', 'f6dcl9hk', 'kutc6ts0']
13618	['w7gr98j9', 'h2l70h1u', '5wby3shp', '6bgquqa1', '8p81kc9z']
13622	['delciztu', 'am2vzj11', 'of16ewcj', 'bs8tdve2', 't4os33em']
13628	['y5a9xtr5', 'rfbihylo', 'hngra91q', 'sts48u9i', 'g266ttng']
13647	['w0ebmg16', 'vvmb92wo', 'usyduiti', '7zdi0y2s', '3fiqpart']
13648	['nbdk83ok', '8glhd9xe', 'park7t3g', 'j7ltjn4k', 'x924tb4t']
13649	['jgq968f6', 'cp6xu2ox', 'hws1e4tv', 'taz8f384', 'nosh8awp']
13653	['mnjy6bq2', '5b9jytph', 'wdvuweiq', 'iylmvmv3', 'rhbqgjnm']
13669	['urv9o2f1', 'idlmau69', 'byw8jsqv', 'gydzq4n3', 'nosh8awp']
13670	['t5wzsjxc', 'z86g8dzs', 'h7ftu3ax', '9mn6trtn', 'w0ebmg16']
13676	['2hkdhwaw', 's1dert6n', '8t4rnfyu', 'nc0fbytt', '1iago9rr']
13679	['n3xm6c0y', 'std4jddn', '039k70vs', '4mjg7jul', '21qgukm1']
13682	['0vy5yifk', 'wcmxmahq', 'tnejo5wc', 't0l6mlm5', 'n5bnpzj6']
13707	['9fsk7ftz', 'z6elaxpc', 'cj3cpn5j', 's1dert6n', '2qcuygax']
13728	['wbk363w1', 'zuz2992q', '6p0j6rsa', 'a9k6hjzx', 'zuc538yd']
13751	['726t123x', '3jn7tdaj', 'vrs88dcy', 'gysvo8e9', 'q00ihic3']
13816	['00ia8k0b', 'jrqlhjsm', 'rthsl7a9', '5hxsagx6', 'hg3xpej0']
13823	['1a5oy6fr', '5a5a8ifz', '6c47sm6i', 'orddpgl3', '9k4pwc2h']
13824	['xd5uhah4', '6pn9jwfn', 'a242g5kg', 'li8kvzdh', '0emibwp3']
13826	['2my9o9fy', 'vithq7z7', 'bo6kbb6k', 'l73htuz1', 's2tdo7bn']
13844	['tra5ewc5', 'f96qs295', '763v4duh', '2tre0wat', 'jjh1z5c6']
13884	['m13ndhaz', '6g7eeyjd', '7xnga86x', 'z94skip6', '5a5a8ifz']
13887	['v7ckvxjp', 'l5nncxqo', 'h6b8xuvs', '6bwd99d9', '33znyrn8']
13899	['x60fkihk', 'wbw7gbfv', 'jlr943nv', 'kca5r5hr', 'moe0bi1g']
13909	['1adofojj', 'ua7hsfma', 'pmcjm9hs', 'l63d9lyd', 'uazqkay9']
13913	['i88ccp9w', '3c1fujrd', '8796x4ne', '4sqjvr3y', 'wotf0lzx']
13925	['7wu8bfo4', 'ypt4kt78', 'urv9o2f1', '72jwlfqr', '8qdcls1k']
13937	['ai5dfdfk', 's599iazh', 'puu8wib8', 'kajker7i', 'io8mozoe']
13992	['r58aohnu', 'mfziqu80', 'xs7vkm19', '1zuhilmu', 'ncau27zc']
14002	['tra5ewc5', 'l4y7v729', 'dt2pew66', 'qi1henyy', '2fokjcjr']
14034	['hfk8nikl', 'dcli6uaq', 'ypp1foym', 'ze4bvjkt', 'vj6sw2ne']
14040	['jbom8iq6', 'jtjurjpc', 'b3ap3gac', '7ec2jcoq', 'ze4bvjkt']
14044	['1ad18z11', 'z3o3ib2f', 'j2t0ofgt', 'k5jkntul', 'bre2ijbb']
14053	['9nostuqg', '7vsv726x', '2neevooh', 'w1d83bkb', '3kng7qea']
14070	['4hmecfi0', 'wda18u55', 'z5rwznmv', 'mom4y7cl', 'i9wjpbe7']
14072	['g5h4tazp', 'tuqmar6w', 'zd8c1no7', 'dzkf7c7l', 'kiq6xb6k']
14076	['v4ubd1l6', 'si5mxgrk', 'mom4y7cl', 'ez1l3m4o', 'xdbtwiqw']
14077	['6r1hy34r', 'd6ho2b4b', 'nrc35akc', 'zqqp22y7', '6hnts5l2']
14084	['g5h4tazp', 'dzkf7c7l', 'i0wbfhu0', 'tuqmar6w', 'o7qibwzj']
14111	['y6ufb4l6', 'k4ubol2x', 'vkxf3gha', 'c9cenvt4', '43c1vind']
14122	['vs730te0', 'k6cumncp', 'wbix36hf', '32ut5vr7', 'deezca5z']
14125	['zdfslfmb', 't5sgguxr', '90323yzn', 'sykjpaz2', '34j9n40u']
14130	['bs8tdve2', 'dsfbmhbj', 'ckswlo9o', 'lav0kp21', 'w0i3oy97']
14132	['irhizn0b', '1peg3502', 'qkg8fwbp', 'fpexa30s', 'y98bleop']
14134	['cnz7jlw4', 'e7uvbra5', 'xd5uhah4', '2f09vauy', 'coh92gm3']
14139	['r1tp27z8', '52jtd51o', 'rhnr430g', 'snk26ii3', 'a242g5kg']
14143	['1peg3502', 'fpexa30s', 'wbix36hf', '7g7sgabs', 'wv2gzahy']
14152	['vf7xj5qt', '5qhc4z2t', 'd3fpqczo', '0i12e4tn', 'u3832seg']
14153	['9195zweg', 'dpyz8uh4', 'wo9gg7nx', '4rzttwyp', '1peg3502']
14193	['0gn3b98n', 'bwmpamea', 'n5sei1oc', 'ueid1mma', 't2riiouk']
14196	['hezheq49', 'q10pvwf5', 'z1y1zgo8', 's1qnjgev', 'cokx24kf']
14203	['qn6wawxk', 'wrsk5vh9', 'b3ui95vx', 'yk2th44f', 't8jlihgm']
14233	['u7ligk1k', 'h9nzxlaf', 'kdxoyvsv', 'y930bpqt', '5nyc1cn5']
14236	['nih4l4ok', 'ndcg3o7a', 'y74qhqw7', '0c03fjk5', 'ltet5qu6']
