post_id	preds
16	['mb18fj8a', '59up4v56', '66g5lpm6', 'atji1xge', 'dcfqvp4p']
69	['r58aohnu', 'lsrpk3wc', 'p0kg6dyz', 'l3bruaeh', 'h2sza0if']
73	['gruir7aw', 'yi2m5ukw', 'sgo76prc', 'cgc0v1dg', 'lavcsqov']
93	['3sr2exq9', 'sv48gjkk', 'k0f4cwig', 'ihgxtu8g', 'z795y51f']
96	['ouvq2wpq', '3l6ipiwk', 'vabb2f26', 'ybwwmyqy', 'rs3umc1x']
116	['vx9vqr1k', 'pxhetma5', 'xh723tgl', 't019zx7q', '3ubithu4']
132	['uyb0of5p', 'jjh1z5c6', 'tra5ewc5', 'ays0clih', '1s8jzzwg']
145	['yoiq6cgt', 'vmmztj0a', 'ho5n7n90', 'rfv0omd6', '2uy0jjdh']
150	['be8eu3qi', 'm4u4ulml', 'qmo1zzkg', 'vzloj6b3', '0a1m1niu']
152	['c0ipfbeg', 'wgbyqfrx', '4cnk76lb', 'hhuu7ol8', 'yiamrsba']
158	['f96qs295', '763v4duh', 'iu1d9i57', 'i1yf8fgk', 'y43prnko']
159	['9nostuqg', '7cakttlp', '8f9auteb', 'f6dcl9hk', 'jwl8n0p8']
169	['uarsobci', 'ybxuykpz', '8glhd9xe', '66m524kj', '9qbq7hwy']
173	['o78vcy90', 'k457kqlo', 'ruewzstg', 'z6sjfdb9', 'sfm82h0g']
177	['u0jddsup', 'oud5ioks', '675v58x8', 'm69ceq2t', 'bzeqs5oh']
178	['xli7wyg4', '21qgukm1', '4fhegc0z', 'zsygn29p', '1r2uvoqf']
192	['s3o9v1fl', 'i9nchww2', 'm4vu77v6', 'ksgdjdh1', 'mru0mcup']
193	['yi1s6xap', 'yfbg2n2u', '6yinwbfh', '9zg8q0gk', 'yrxgaiy7']
201	['f0m3wuyj', '1jtln8wc', 't6rxsiat', 'e9j4b00a', '7klqhnr2']
209	['zqqp22y7', 'yi1s6xap', '5wg2clq7', 'asrkuts7', 'yjibz8ie']
231	['wp3rwdum', 'iwc72ymq', 'fbsrggog', 'h4kc04w0', 'ip9geldg']
243	['gtp01rna', 'bfm45zas', '7j7u4sv3', 'xvphsdg7', 'xq525smx']
244	['bc8xa92n', 'y74qhqw7', 'stlvi1lh', 'fyy42zaf', 'npbzxwgu']
247	['41yfx1ev', 'ixnko86u', 'ynwc739g', 'x9lxyrgw', 'xochpgld']
260	['d6a6nagk', 'cq5z8lqu', 'hn6clwoj', 'mjb3ip7a', 'p6uliadr']
270	['hert77y1', 'ivy95jpw', 's7sq53zy', 's0ca1r5s', '9briyvuq']
272	['3u3i5myh', '6zjzy0ft', '8lnjbxe5', 'ypqusgs3', 'a0dvzhc8']
276	['pspko62f', 'fyyibj9j', '6g4oclln', '1rxw5xro', 'fs5100nn']
291	['utxzc0x5', 'kzl1dx8i', 'uhtwkkk3', '35fnrje0', 'il4wa97x']
292	['liziu5o7', 'xd5uhah4', 'wr4r7jd8', 'e0a1t2ig', 'asdcpvhx']
300	['bn0fegqg', '9e3mxt1a', 'd0tg9i90', 'sy8sloqo', 'sajmj1jw']
306	['8d90mc54', 'o6zww1rr', 'unx1pv2k', 'm5pe8kr4', '0njpdbv5']
329	['dsfbmhbj', 'q9bwvh0t', '2my9o9fy', '9aw78s63', '26kx1b0h']
344	['eywnnzxe', 'rc5d6wi3', '55gugbs8', 'vjpf1fk6', 'c187k4yc']
358	['qdw86v8i', '2tre0wat', 'f96qs295', 'l4y7v729', '3ttyxjgi']
362	['bfcz49t9', 'wn98fql3', '2bupc5jh', 'vvmb92wo', '2f7wqamp']
377	['qeqd4soe', 'sywxrxmf', 'y420tku1', 'roe6g61u', 'lm73oj21']
386	['41yfx1ev', 'g0cgjlok', 'urj0nssb', '4haf8aaw', 'gat4jwsu']
387	['qeqd4soe', 'sywxrxmf', '9wnkmn27', 'y420tku1', 'o1xkgkn1']
404	['daj5g788', 'u89jd28e', 'b5eve7re', 'jlnc3u6q', 'lcy7u1i6']
406	['daj5g788', '3w5ouagx', '5g02ykhi', 'zctjkag0', 'y04dub8o']
414	['wxrv37ec', 'mqk72say', 'zu5mg2im', '8zm7n7j9', '1fxb5vru']
418	['ec3pmvih', '5nv3ec5l', '8ko7mmu3', '1vcc1khg', '4r96f92d']
420	['t6rxsiat', '1jtln8wc', 'f0m3wuyj', 's0aqouwa', 'knbngla3']
441	['5h54azyy', 'v1cfaqyx', 'z79gel8h', 'g1u9yhig', '1px7yvew']
443	['446p4tbc', 'sikgdopk', 'km2uxj9p', 'x7ybnese', '4zd58eqy']
450	['3p8rdaoj', '3vccsofn', 'jw713e2n', '6t92yhti', 'ppsk31u8']
452	['45y7jepy', 'xe2a9x07', 'i8byjktt', 'hii4smax', '6x8xp62f']
469	['08u566ia', 'hj3xxwru', 'ihgxtu8g', 'psk1lnff', 'agvrw27o']
488	['k1n00gir', 'uxz185vr', 'efbj3uur', 'ny7wkswf', 'i8jv5iqo']
491	['rn8eezep', '7dyhyruo', 'atd6bg76', 'uj0k84vk', 'rmyy6fni']
499	['nr0fu2qb', 'h7ftu3ax', 'qi1henyy', 'nom4z0tv', 'xtmn1n0r']
508	['uqfwx4nk', 'msb6wgnv', 'f4jx3b2q', 'ca3h96bx', 'fxvro3wl']
522	['tc6btsdu', 'iyc8j5mr', 'xneu8glk', 'xp2qkk52', 'ymhg8mon']
530	['v6w9mlsa', 'qhbuvt1l', 'ipon95io', 'zq6oe8w0', 'i5j4nmjz']
535	['l2i3aa3k', 'f4jx3b2q', 'ai60maqz', 'xd5uhah4', 'wq92nfnd']
566	['io8mozoe', 'e9m31jyc', 'r1m709hb', '4cy3er3y', '25bdifv6']
572	['9mvk86q6', 'viqy2ec5', 'yyfsnthj', '4jyltfus', 'x14iywtr']
600	['z2jtzsl6', 'wjdif3r3', 'upf0ecx7', '75rhjcz5', 'be8eu3qi']
611	['0u4nmrq4', 'eauj21v4', 'n6lwnct5', '4ylt5rhg', 'xcomjvaa']
616	['yslf5er3', 'o6dd2vu1', 'edmxk1wi', 'qgxaekae', 'j9xlhtko']
628	['y8i60bm3', 'dql5n9k7', 'g6kag5ij', 'y9urkfnt', 'cbp4o6ou']
631	['yjm6asp5', 'mmr04tsm', 'jazfyjwl', 'pxo5uh4w', 'amxqlx2t']
653	['la2wvnb0', 'np1y2fkt', '0r3l3b88', 't4y1ylb3', 'sgo76prc']
672	['iyc8j5mr', '0pcgcbjw', '6l4le1pq', 'vjwu0fvp', 'xneu8glk']
675	['lwhy2spw', 'q1ay1u90', 'xi2whtvr', 'zzph3va1', '2qksxqmb']
679	['7xb7hj9u', 'iff8cuum', 'li8kvzdh', '6pn9jwfn', '5nyc1cn5']
704	['r6r7k3zr', 'ghi0ekm5', 'yuppix3r', '7hkowm2y', '64qt0w2a']
707	['o7qibwzj', 'xmqdk2wz', 'kjc1jdvz', 'x64zft78', 'liip39ku']
711	['e63j8gci', 'f4jx3b2q', 'lkb09vs8', 'wcq3qqt4', 'mkl7rvr6']
713	['tk0iwpnb', '8t4rnfyu', '8i2ryrfe', '7f33cu6l', '7wu8bfo4']
717	['630w2rtn', '1adofojj', 'b6bl0xrc', '2r0a357c', 'tq1hb45f']
746	['wrzmgnrb', 'f2ayoefj', '61brxcg0', '0cuz6iho', 'mf73oqp6']
751	['hs2q61gw', 'x5btuxrq', '1umbwskb', '4h5a6qh1', 'jeyo5qs9']
771	['f3w4v5ej', 'ybyk54ts', 'lsgm7y5t', 'jhsqrto0', 'zj0yxy2z']
776	['styavbvi', 'wbsl6n67', 'trrg1mnw', 'kb3xi0fk', '78qsuc5l']
787	['jr92ou2e', 'b9nsh19x', 'y7v9zc6w', '5rdsn2mn', 'fdyfg0kf']
792	['ws7lp560', 'z8jbxag1', 'tyaazpo9', '6gb1za5h', '3ybiysp4']
805	['ag18sokf', 'w4pgkid9', 'xpwfoal7', 'bttme4wn', 'ms7hst7z']
813	['tx3qbg32', 'o6dd2vu1', 'axa9cqk6', '9jqafpkp', '3mfwweyr']
822	['x5btuxrq', 'hs2q61gw', '4h5a6qh1', '1umbwskb', '43uhmi0g']
824	['u5rbvc3i', 't0zphgfl', 'fnguelau', 'q77tr31d', 'r67lnbfc']
835	['bcttenl4', 'bfm45zas', '6j45mmjh', 'qbj8n8h6', '6gcahsgs']
837	['eauj21v4', 'g0wujywh', 'rckwiqgb', '1vd4j3qc', '7d6snq1v']
849	['8s7zy55f', 'eumvomou', 'l9u3c1dg', 'ncfvllzi', 'otme0vmu']
850	['8llmriik', 'q732eylh', 'q3db7v16', 'uarsobci', 'f95ext4b']
852	['bcttenl4', 'xq525smx', '08z6z7d5', 'pn516wom', 'qbj8n8h6']
877	['6mdimxnk', 'i5j4nmjz', 'ywvk6gu6', '0bczgiyy', 'sxq2063i']
889	['6mdimxnk', 'aqfrykut', 'p196javw', 'on6ss822', 'rk9hsw2b']
916	['ms7hst7z', 'u0lvjlbs', 'ldbscq4s', 'dew7ug4s', 'yyhuctqg']
935	['qeqd4soe', '14alhxc3', 'tq2vdo88', 'zqzs6vtf', 'rh2jrojk']
938	['qeqd4soe', 'sywxrxmf', 'fq5nayxt', '1ef8ac5c', 'dt8h6a0v']
954	['qtzhfnr6', 'gqwwfpch', 'c6lilxk3', 'llcit7x2', 'tmonjdrp']
958	['t1a8vnms', '0u330d2u', 'o4ri7t16', 'vzloj6b3', 'q91h510l']
969	['umg0ms2i', 'whh34bjb', 'd6mt6nze', 'h4sbz3md', 'eomtjrgc']
971	['wpabett8', '88vj8czi', '39dqjlly', 'bgljm9q2', 'gqww6dfm']
977	['68o7g6k7', 'kl2w6yiv', 'hxh085w7', 'e8m2n9v6', 'pkhinwlh']
984	['msra1ghp', 'zy48nad1', 'mpuhbr2p', 'j81gogc8', 'spwtv7n7']
987	['tk0iwpnb', '3mfwweyr', 'wt5qxe0j', 'ub7ilx98', 'ot1uz6vc']
1039	['0oq0xmzr', 'xy4m6x8d', '48frs5mc', 'llow5xll', '5gshj480']
1056	['lvw0cnwj', 'jjiiutd5', 'wtenvb27', 'dvwkh1d3', '52x62y5l']
1060	['ljpeq5aw', 'uyzalds2', 'yn2aylru', '2f09vauy', 'p36ilfqj']
1062	['8n4zf9oo', 'ywvk6gu6', '5t4twnpm', 'li8kvzdh', 'ipon95io']
1070	['lvw0cnwj', 'r58aohnu', 'zueprmdz', '1wcfrvnd', 's96beqsh']
1072	['s23d5pns', 'd7tk12u2', 'mt61b7o7', 'vpoqfm7d', 'h2sza0if']
1073	['7obhnmah', 'aefzogn3', '9bhi3rqu', 'jvgq2p61', 'oa81rhdb']
1075	['aj885nl0', 'z92xqedn', 'hkk23tqt', '2uy0jjdh', '2w6p6jji']
1092	['qeqd4soe', 'sywxrxmf', 'y420tku1', 'wmocjiwh', 'lm73oj21']
1103	['y2715f19', 'w0lgteil', '0bbxyyea', 'a9lw6vrs', 'vvuaegse']
1104	['yhk50383', 'mqzus147', '53t1mhnb', '5ngg5hm4', 'y98bleop']
1108	['vp2t4xkn', 'qgxo9cr7', 'pq571myy', 'ksvw62gl', 'm46vdpv6']
1118	['jihyavm1', 'ncfvllzi', 'etriddkx', 'hcuxj2k7', '9g0lo2e9']
1119	['nri88956', 'ry5oxsgq', '9bn2w5mr', 'lsojoa7c', 'etokw9j7']
1128	['ypxur24q', '93y40vnp', 'k1n00gir', 'p9qeaedh', '1s2kfzkn']
1131	['e5v9e584', 'vprj63y2', 'ia8rou81', 'yr69ctrj', 'nemkary2']
1144	['ia8rou81', '4u3v4vyu', 'moplus2n', '23n5r8qj', '34hbc1w9']
1161	['qeqd4soe', 'sywxrxmf', 'y420tku1', 'wmocjiwh', 'lm73oj21']
1162	['rpjg4a9i', 'k2zrdjyo', 'ptn9ntoq', 'z1y1zgo8', '6ukt0gbn']
1172	['4jjuwc9r', '1itor6ic', '8g70j0qw', 'sdsmy0bw', 'hunepli1']
1179	['gjsrfmj4', 'dti9o5x3', 'kugpzkyx', '19768np3', 'lhvgsmgf']
1184	['s9b631ee', 'ld7lhdi1', '4budtw8s', '1fzqh9mb', 'nnxlzxdt']
1189	['v5beddu4', 'l63d9lyd', 'b4mjo92p', 'plzklj7c', '2my9o9fy']
1198	['1f6kq8co', '9hzbi2yi', 'kl2w6yiv', '8j3bb6zx', 'fiiyythk']
1211	['wyn09ag4', 'c4ihkcyr', 'mdewdbqs', 'jmdrupds', 'g0g84bqy']
1222	['vbnke2q5', 'ivug325f', 'rxq2bgpp', '723l0buc', '7hq10f2a']
1225	['6g4oclln', '90323yzn', 'szekvw7e', '9ljou3ag', 'yjibz8ie']
1229	['aawjla6h', 'dq3qunwe', 'd3pxk5tr', '4p6fcy8f', 'ach2lhhe']
1230	['octtj2vf', '5z0xwlxp', 'yrowv62k', 'zycgczqy', '7xx57cwo']
1237	['hwpn7ti1', '7ddw02f7', 'fnguelau', 'rb20ge7e', '7xnga86x']
1250	['9iz8papc', 'jfdwo189', 'jwei2g97', 'qnuphz59', 'sz072p5o']
1261	['y7082lr7', 'vprj63y2', 'fiicxnty', 'ttvlddm2', '9oxajwkk']
1262	['9wnkmn27', 'spfc0fc0', 'p6uliadr', 'dblqryhy', 'oud5ioks']
1272	['m46vdpv6', '02p4et0u', 'gxu62u9i', 'jswlq6wp', 'yb9uyov3']
1274	['pl6dpxkz', 'vwgvlqml', '4zd58eqy', 'qbhw96wv', 't3qddrc2']
1304	['vwh0roww', 'i6u1x0xq', 'fe42i4pf', 'dgng39yd', 'cj82xu0w']
1314	['ls4qfvwq', 'j4bfn87k', '1aqf98e0', '3otvtwbb', 'x5w0fl5w']
1319	['qibt88f7', '1ucs8zu1', 'hnsv4ov0', '626ch774', 'i6x0334e']
1342	['zdfx3zo3', '7wsumadw', 'te0v91nr', 'oud5ioks', 'u0jddsup']
1345	['ttpbs13r', '1vd4j3qc', '6274gicp', 'g0wujywh', 'psaq958v']
1346	['ba5h6uhu', 'atn333j9', 'n6lwnct5', '763v4duh', 'mvm1t0y7']
1351	['6x8xp62f', '0aik5i71', '6mfd3n4s', 'mo3y3mau', 'mz1bof2x']
1355	['1vd4j3qc', 'rckwiqgb', 'n5c0hcwn', '3cr97dii', 'mi6bdisx']
1365	['85jx7i06', 'su028g3j', 'g8tckoxj', 'z1l6oyjh', 'djev6er7']
1374	['ys7azmv7', 'v49l6txn', 'x51jorbm', 'iha9gjt4', 'w0ebmg16']
1381	['vrhrc7v6', '65gedo6u', 'wb1apvn2', 'vygvs1x3', 'd0s3vl2w']
1398	['e63j8gci', 'f4jx3b2q', 'ey0r1py7', 'octtj2vf', 'wcq3qqt4']
1402	['tn8houmc', 'vhjzjdou', 'r9qtzdvk', 'z6elaxpc', 'rytzyf1j']
1409	['8bjfoa9g', '9v6f2274', '2f7wqamp', 'y14lw5b2', 'itxde5mw']
1410	['64qt0w2a', '5053t5ki', 'auvehdq5', 'yn7e3do9', 'pn516wom']
1428	['unhrmzn5', '4ylt5rhg', 'li5cw8xx', 'f6i46t3h', 'xre1l41y']
1430	['cabmmgg6', 'yb9uyov3', 'ehqk1d63', 's23d5pns', 'm46vdpv6']
1447	['53xk7574', 'xthxesgk', 'tmwt9yd6', 'lkjsh3fu', '104lecie']
1452	['gu4mz2vp', '2bupc5jh', 'ach2lhhe', 'qfrenkb6', '52x62y5l']
1455	['riltam7g', 'u3ympejy', '8bi9owk4', 'h8tv2u77', 'lnnsxwk2']
1468	['q9bwvh0t', 'vpoqfm7d', 'ovuh3qoh', '53x6do07', 'r1wh54q1']
1471	['mo3y3mau', 'u3832seg', '1ik8lrid', 'k7vjqzx1', 'jnwuu08w']
1476	['963hkkiy', 'n9nu5n44', '8lyipugh', 'h4fo8h90', 'k4lqkqnx']
1479	['o3pvsjq2', 'zjbclhj3', 'bn4rpjv0', 'mzekhyu0', 'rf7k079r']
1484	['3h80bn0k', 'xtmn1n0r', 'h7ftu3ax', 'nv1w6juh', 'ktjhr028']
1490	['zycgczqy', '5vodag6c', '763v4duh', '9b6cepf4', 'z86g8dzs']
1492	['zycgczqy', '9b6cepf4', 'ey0r1py7', '5vodag6c', '763v4duh']
1517	['ox59xb6z', 't4y1ylb3', 'ruewzstg', '52jtd51o', 'b5eve7re']
1526	['2hkdhwaw', 's1dert6n', 'q6ypq90z', 'eohd0jjy', 'tn8houmc']
1536	['h2lnqvsv', '70nbsrl4', 'daxv3reg', 'mzn4jztt', 'k4k3kcrh']
1537	['ybcr7clp', '8l5i1z27', '7obhnmah', 'cj3cpn5j', 't4y1ylb3']
1543	['52cub1om', 'zue5hnal', 'i1yf8fgk', 'itxde5mw', '5z0xwlxp']
1555	['3u3i5myh', 'a4klrp3h', 'ijzoa0yn', '6zjzy0ft', 'ruewzstg']
1559	['9nyfz7s2', 'faue5ywu', 'ssdqobqb', 'y77rbrnd', 'kugpzkyx']
1566	['n3i3x5pn', 'uxn85mir', '4jyltfus', 'p0w1nyof', 'vprj63y2']
1598	['sljh3o2k', 'icgsbelo', 'tjhtk2up', 'ps5crd29', '99rg8bok']
1608	['qeqd4soe', '5ax78ysz', 'rp9opdmd', '14alhxc3', 'tq2vdo88']
1609	['yo2lpdi4', 'cxqzo58q', 'iepagac8', 'kn9b4v8j', 'dnm7s947']
1620	['s7z1l3a9', '41yfx1ev', 'zr4pw0e7', '9sh9mk6p', 'g0cgjlok']
1643	['whkfvd7l', 'wvfw94n1', 'tadojzoj', 'nih4l4ok', 'mru0mcup']
1655	['wg0q628x', 'ybyk54ts', 'ch4ouyvj', 'jhsqrto0', 'pkimbhz9']
1677	['jlrzu0wl', '9gqonmf5', 'e756pbyp', 'b2rgb6h9', 'ge8o93rh']
1680	['xr70oiv3', '9e3mxt1a', 'cdltu9vs', '0chuwvg6', 'tk7eturq']
1702	['w1bx4a7v', 'xtmn1n0r', 'vvmb92wo', 'asj7352n', 'zvba58xo']
1749	['jhsqrto0', 'npd9wz3u', '0evl3wnd', 'm31pjcrl', '8pz6131o']
1769	['qnqh7fum', 'lricvxim', 'bv1v3awh', '9bzbab1s', 'bk6ext3e']
1786	['29ph2eai', 'eztw9tx6', 'jvo0nk3w', 'zuc538yd', 'a793bgc1']
1800	['ajqbljai', 'swaf5pao', 'f0kcf2y0', 'fedv6m9o', 'mz1bof2x']
1807	['oah1to9w', 'xo7q4dqr', 'fi7a0qvj', 'nzsx8gb4', 'bc8xa92n']
1818	['0i12e4tn', 'cj7izin2', 'f6vau5s6', 'x84su3ki', 'mo3y3mau']
1821	['khkw1hhv', '5g4smxpv', 'wqmscp6l', 'ug088fmh', '723l0buc']
1835	['h8w4q5ff', 'unql24hw', '7omyaap8', 'iqgw6jaq', 'vstwckpw']
1846	['lfqi7jsa', 'u92ruhjj', 'rnfh9v1h', 'xwghd9ut', '1epgt2u0']
1862	['hu2lg6i7', '8oi7ptfj', 'u92ruhjj', '5zaw2iot', 'jkff091e']
1866	['hu2lg6i7', 'x0cs571f', '8dh4xvph', 'dlwfu274', '8oi7ptfj']
1875	['p8ckcvyj', '58mdhe5v', 'clrlg58a', 'v9fz02es', '0w905c2x']
1877	['p8ckcvyj', '0vwspd6l', '58mdhe5v', 'v857wnfh', '0w905c2x']
1904	['1l7hldfh', 'ybyk54ts', 'se8tzya3', 'gap91mwc', 'i2anrjmq']
1935	['hz5vigp0', '3o91v72a', 'q4zuslmp', 'nt1e70dv', 't1ho5c9h']
1958	['3oetrhdh', 'dhd9e9bn', '1s8jzzwg', 'iy9mqd4f', 'n2t35wgn']
1962	['60sbhzfs', 'f3mvdpq1', 'w036x5gr', '2jyp3ift', 'vxavox24']
1966	['j23pvlj9', 'eauj21v4', '2scp98u0', 'vxavox24', 'azgerpo8']
1975	['sc40pmn4', 'e8fhlo37', 'mzekhyu0', '213bme3q', '40hd9tg2']
1984	['d4eae8g3', '8ihlm3fw', 'm2z6k2va', 'pquv37jl', 'krh63hqp']
1985	['d4eae8g3', 'ybyk54ts', 'cvkdpnn3', 'aylotnjv', 'gwprn5hh']
1990	['sjrle2n0', 'rtvvs3tv', 'fbtyz7tk', '0gn3b98n', 'zu07vbc4']
1997	['6k0nhmg9', 'pn516wom', '92tvskxw', '3o7rd8pt', 'vi1jl4po']
2008	['cxqzo58q', 'yo2lpdi4', '8g70j0qw', 'd2pzezq8', '3zdv9zim']
2057	['m46vdpv6', 'jswlq6wp', 'dlwfu274', 'ga5z3via', 'vwrhypnl']
2067	['unl3n0tn', '8iqs6jko', '5a0yyowv', 'vkr0766i', 'ktjhr028']
2086	['66g5lpm6', 'mb18fj8a', '5kchpjx0', '4b6jrycu', 'es8l29ub']
2104	['8fbsaocw', 'b4mjo92p', 'wbhlwq9r', 'plzklj7c', 'k36t200n']
2116	['3u3i5myh', '6zjzy0ft', 'jf9whlu7', 'xkqajjgw', 'o3cr0xvm']
2120	['eywnnzxe', 'byw8jsqv', '5bu0eafr', 'ztwemu74', 'h35we3mn']
2123	['f9vxfk68', 'nwb7qf9l', '1wcfrvnd', '0igh53pl', 'd3pxk5tr']
2125	['pgasbdpp', '5aia1f36', 'iuy5a0bk', 'l69kwh48', 'qsv2d6yc']
2132	['6a728le9', 'qbj8n8h6', 'gtp01rna', '6j45mmjh', '08z6z7d5']
2139	['duqgd4gs', '2aslzgdk', 'yadb7gwj', '1mx3jrup', 'n3yuvf8v']
2149	['9jfclm9c', '13kzv4b2', 'xoduxbst', 'tvg6q8cw', 'irx4pcsx']
2154	['ffy19pp9', 'cmp1bvhd', 'faj85qxc', '2un9aggj', '1tx3tl0f']
2160	['r58aohnu', 'iu4p5k0w', '8co5gwkz', 'mttosjh7', '96mcmf2g']
2161	['gjsrfmj4', 'dsfbmhbj', 'y349r3r6', 'cwekmw1a', 'lhvgsmgf']
2162	['t4y1ylb3', 'yrhb6ktc', 'yhk50383', '7a543f7v', 'q54el8tf']
2172	['tra5ewc5', 'iu1d9i57', '763v4duh', 'f4jx3b2q', 'pu12u627']
2185	['xe8t3uqp', 'xneu8glk', '0pcgcbjw', 'v056i6g7', 'f0m3wuyj']
2199	['mpkli2xf', '186wyg7t', '7esjlc7i', '2l883zhe', 'rh2jrojk']
2200	['vpcaa8u0', 'ucpdyk7z', '6g4oclln', 'jjszkq2n', 'o3fyh10z']
2201	['7o7v0ewg', 'gc9eg5j3', 'f5ehif2w', 'kjr6dcqv', 'g0cgjlok']
2210	['k0v1axmd', '11xjl53c', 'z8758x5u', 'lbd6hn57', 'y203109o']
2236	['eydniusb', 'v4dbkyjh', 'xkx181ek', '86xwnpde', 'p1w0p6b3']
2246	['qjqk8xge', '55hyrgvk', 'tf181d85', 'lny446a3', 'ixnko86u']
2251	['aq2iz9tq', '95wclabe', '10l12wgu', 'ozj6zju8', 'ay69e8ad']
2256	['3wg6flz0', 'a27vtdb6', '446p4tbc', '2dvljm27', 'kxbw44cy']
2259	['znswomwk', 'q7vv128t', 'cz0jg62z', 'hw2s28hs', 'eo89w6qp']
2263	['y43prnko', 'x51jorbm', 'q3mx0hf1', 'w2c01295', '4eak8e8l']
2269	['nr0fu2qb', 'iu4p5k0w', '1s8jzzwg', 'h3tor88n', 'xtmn1n0r']
2284	['ymbfoqfa', 't5iz3vdz', 'j3b964oz', 'i9cti2ok', '010vptx3']
2287	['8cvjsisw', 'iu5ndsxn', 'lm73oj21', '9183740p', 'wrsk5vh9']
2308	['9mdf927z', 'a27vtdb6', 'v6w9mlsa', '1tz7y2sh', 'hsdeesm2']
2313	['xsk68m5f', 'bctb0ewu', 'dq6iyabh', 'xltcax0k', 'zycgczqy']
2318	['6gcahsgs', 'zv351n3d', 'ifovibzi', 'ylqpkosd', 'pva0xii7']
2334	['b1s3ubm1', 'p91dk324', '2dvljm27', 'utc0qrax', 'nbn44sxq']
2368	['5hei9fac', 'eo1uz3g2', '121p2shq', 'uarsobci', 'od5nnxvg']
2377	['m69ceq2t', '7wsumadw', 't7xaqtgo', 'bzeqs5oh', '5dgggmv6']
2427	['bttme4wn', 'ry13iyxn', 'iaziztxm', 'uaccs7k9', '1d49odsq']
2429	['tv1a1hwj', 'zn28xy7a', 'bpnqz1cn', 'an1wfsvk', '2y6cmng5']
2432	['hbvwm62l', 'klqji8gj', 'd9rd5392', 'lda1tyuh', '1tlduxz2']
2436	['8dc7andx', 'zzscey1f', 'y26bsn0n', 'hh37bsfp', 'vabb2f26']
2438	['r66qkekd', 'z68tl88x', 'b03s7wsw', 'in69fhw9', '47p4g80o']
2450	['vdfnrh9k', '1m093f8d', 'w0j0n8mn', 'vxmamhkx', 'lldu8qv9']
2470	['d4eae8g3', 'ogrlupbx', 'cvkdpnn3', '2yka2luy', 'fofw6fmx']
2474	['auy3c2e0', 'zv351n3d', '8p0xdqba', 'a2kill55', 'g0cgjlok']
2477	['itx70h27', '6x3qopgt', 'y1vjka66', 'vjpf1fk6', 'f9vxfk68']
2485	['3u3i5myh', 'z6elaxpc', 'dqhdws5k', 's10kzuf1', 'pjllicm7']
2489	['8nk7pplh', 'g9r1fdm4', '4qp083h4', 'wu2dyleo', 'd81rq6b9']
2492	['1ha9cubv', 'k2zrdjyo', 'fh0zym9r', 'rpjg4a9i', '6a6tyvtz']
2502	['fz14yjvm', 'fxvro3wl', 'be4afbyo', 'wbw7gbfv', 'd46sc39y']
2505	['v5beddu4', 'l63d9lyd', 'plzklj7c', 'us11gvdn', 'irx4pcsx']
2517	['qeqd4soe', 'sywxrxmf', 'y420tku1', 'jz6o9gnb', 'wmocjiwh']
2545	['qj1v04cf', '2l83gyx5', 'xzps65et', 'k36t200n', '4z8i83p4']
2552	['m13ndhaz', 'wb966r76', 'd6mt6nze', 'tmp6yxlv', 'ya91dloq']
2558	['6gj02k04', 'qexarxjl', '9l6yn8pe', 'edz3up3a', 't4y1ylb3']
2559	['j58f1lwa', 'b6b6wcfn', 'pwb7rw89', 'xi2whtvr', 'pg69ww3a']
2561	['fqdu9uo0', '2cv0vuin', 'yq0c19sn', 'z59yqi3s', 'f5g3mcee']
2588	['43eh69dx', '37gpov43', 'x64zft78', '06fwhyac', '4u3v4vyu']
2591	['zc10b6j5', 'pm3ck1gk', 'l9lni5d3', 'h4fo8h90', 'ykxr9q1j']
2594	['8d6vcqr3', 'xndphmit', '0rrhgz26', 'ticmj3x6', 'mhbwjwrg']
2599	['rhgl6vss', 'hitaptnp', 'bv7hvc1e', '5gshj480', '55wqowbq']
2639	['01h205jf', 'qemhdkz7', 'bfm45zas', 'uddwc4tu', '1crb3kcu']
2646	['9b6cepf4', '33wqmdnk', '2tre0wat', 'qdw86v8i', 'l4y7v729']
2659	['eohd0jjy', 'o476dtgd', 'y6jrt5xh', 'xtmn1n0r', '5iudn4kq']
2679	['3a7utmsd', 'b4mjo92p', 'k36t200n', 'hd3ujyul', '0l5li1f0']
2681	['l16a5nq7', 'qub1i1bl', '79xw1nof', 'kugpzkyx', 'x5m6u9pg']
2686	['9b6cepf4', '33wqmdnk', '3nf5bxv3', '0yysikc1', 'zycgczqy']
2694	['9b6cepf4', '763v4duh', '0yysikc1', 'k8wb51i7', 'l4y7v729']
2695	['9b6cepf4', '2bpyvgv7', 'e63j8gci', 'l4y7v729', '0yysikc1']
2698	['i8jv5iqo', 'cn0hqvsz', 't46giw1h', 'is9a77dk', '71x3b75z']
2719	['01bjz2qq', 'gg5c8v7d', 'w50gorzr', 'ivug325f', 'z2jtzsl6']
2733	['ah8mzt1g', '6h83xzqe', 'y442ugst', 'upq41f1z', 'fyy42zaf']
2740	['dnm7s947', '8g70j0qw', 'lbxg93hl', 'd2pzezq8', '60en5zy7']
2745	['ah8mzt1g', 'p32h5rp3', 'el97nts9', 's3o9v1fl', 'dfhxcqr8']
2773	['94k9cai0', 'ybyk54ts', 'd6wkv2rc', '5yi8lm2e', '597jqeoj']
2787	['w0ebmg16', 'octtj2vf', 'ys7azmv7', 'vvmb92wo', 'w1bx4a7v']
2796	['vrs88dcy', '726t123x', '5vodag6c', 'e63j8gci', 'ai60maqz']
2801	['geo7ac5i', '5kchpjx0', 'u4doukk7', 'edr7hrhp', 'vh3qs9xv']
2814	['rm6av6sj', 'mzekhyu0', 'vpoqfm7d', 'vz8eu3vc', '37gpov43']
2825	['7kxi7px1', 'gunn55f9', 'a66sszp2', '4unn3fmu', '4qgfjczw']
2827	['ajmelb8a', 'z71bquck', 'hvp47bm2', 'kjf63oug', 'tpovr13h']
2850	['c6lilxk3', 'd6ho2b4b', '0oq0xmzr', 'nvebqwwh', '00ia8k0b']
2859	['v85v5o51', 'g4pd6g4j', 'kl8kg0yv', 'eiomk2fh', '4fgeb27a']
2861	['ec3pmvih', '5nv3ec5l', 'zd7a5v4q', 'ybyk54ts', 'ubomj70f']
2865	['w1azm2mc', 'wtdzad90', 'a2kill55', 'zpqgz95r', 'nb27fn2z']
2874	['q7vv128t', '9ex61dl5', 'nmrxjal1', 'ec13mu0q', 'z3msyl45']
2897	['rm6av6sj', 'ohyvuybc', 'y74qhqw7', '37gpov43', 'x64zft78']
2912	['6o7q57xl', 'u9nmqcgs', 'g9com45e', 'cplyj4dm', '43z85jsb']
2932	['x4ix852w', '24yfnzq2', 'r4dgrxel', 'octtj2vf', 'tmwt9yd6']
2934	['g9btjkcn', 'sjqt01gr', 'uk6whrhz', 'uukdrm6y', 'u30uz8sk']
2937	['sb9ckivs', 'lsrpk3wc', 'v1cfaqyx', 'i57f9ayv', '9jfclm9c']
2942	['flxbomsx', 'g9pwxfd2', 'z5zchmxz', 'xr70oiv3', 'lrqt2gcw']
2947	['tra5ewc5', 'r3w90vg8', '1s8jzzwg', 'y43prnko', '9mn6trtn']
2963	['eczga3ur', 'ksveiiid', 'ta3zlz4z', 'nl1ud0rz', 'ratbgibg']
2966	['29z4q4fs', 'q9bwvh0t', 'f3eogz0n', 'gat4jwsu', '6hkqe14l']
2980	['w3m884ng', '811lov8f', 'p9c3g251', 'd0r09lj8', '9z1caxee']
2986	['5vodag6c', '0yysikc1', 'zycgczqy', '9b6cepf4', 'rpwmcqbg']
2995	['222ci300', '23gax7wp', 'jw6kh8os', 'rvygtpvb', '0chuwvg6']
3000	['1s8jzzwg', '0yysikc1', 'ohkki0ke', '1zuhilmu', 'vvmb92wo']
3001	['5h54azyy', 'e4xw6gyp', 'js91utss', 'hg1q14gw', 'lbrpbhpg']
3023	['n85adjg5', 'l4y7v729', '8mwogx9u', 'c84lpxrn', 'x9zg7ulr']
3024	['vvuaegse', '9wn91fj2', 'rjelshrp', 'a5oz6joh', 'fm8koqjd']
3040	['s1dert6n', '2hkdhwaw', 'q6ypq90z', '8l5i1z27', 'cj3cpn5j']
3054	['hw4plghg', 'vaesa8nh', 't5k8o6sb', '7m33mjl1', 'ftt4diu4']
3059	['zpavu0eh', 'had5tqie', 'mlozjg9h', 'zzf2i2k2', 'hfc18le7']
3060	['f5ehif2w', 'kjr6dcqv', 'aclcbxkd', 'gc9eg5j3', 'qlejjw9s']
3066	['8w2t6u96', '6ejzpqq4', 'd7tensxh', 'xoduxbst', 'heegb7pp']
3071	['qn6wawxk', 'dsz66r4u', 'rtus1qyw', 'ny7wkswf', 'byvsuvn0']
3081	['3u3i5myh', 'h7vqmlq9', '0n07fow0', 'rfchb7ar', 'uliopaz0']
3114	['2q87yv17', 'hranq899', 'wo9gg7nx', 'f0wzxv39', '4fhegc0z']
3116	['s6zoqu8a', 'qomhaso3', 'wtxxtlzi', '6gb1za5h', 'aptnkqw5']
3122	['vbe9ptjq', '2ax0z8r6', 'zzf2i2k2', '844229sb', 'mobl9jp5']
3129	['cyfdvgvy', 'u0jddsup', '8dobncuw', 'rtczfklg', 'e2rtzymt']
3135	['01bjz2qq', 'ho832o9g', 'hjmjav50', 'hhuu7ol8', 'vu7bq4b2']
3145	['snsjrjx3', '4iubzi36', 'o61dn71v', '4fgeb27a', 'f0t6n2j1']
3163	['gbf8beq4', 'ofbnzo6n', 'd19v8qca', 'zr4pw0e7', 'f9vxfk68']
3169	['82wscept', 'pybdjsdj', 'uc0qkegm', 'ruwmeau5', '0r46eacc']
3180	['n9aqux5a', '9p2pzsx0', 'c9fg1ni6', 'cj3cpn5j', 'xre1l41y']
3199	['cj3cpn5j', '8l5i1z27', 'tn8houmc', 'n9aqux5a', 'yrhb6ktc']
3221	['k1n00gir', '6hehg1yf', '9sv03cqa', 'axa9cqk6', '2damkjcs']
3245	['l346qqwp', '34j9n40u', '1k0xqhda', 'lpar7tc8', 'u7ao9dwx']
3268	['tk7eturq', 'cpeizrdb', 'ijsn8d7b', 'y4m987yn', 'bawgldfi']
3269	['kxi5qpxw', 'atd6bg76', 'rcaxap24', 'ut4d68ti', 'kk5adtim']
3275	['r0taoqsw', 'fq9wx29o', 'kayh0v56', 'y047cuxp', 'dm6pznm2']
3277	['2firaix6', 'gsgbhqwl', 'wtovv1jy', '5g70w76j', '7ouo6beb']
3282	['k4k3kcrh', '70nbsrl4', 'emsf4i9c', 'yji3hwf3', 'v1kozp4s']
3297	['ljpeq5aw', '121p2shq', 'c5be70t6', 'li8kvzdh', 'eu2vjpw9']
3298	['407va85q', '2l883zhe', 'rh2jrojk', '8o2xddof', 'belhjr5e']
3300	['b7w2n36j', 'iu5ndsxn', 'vrjibtfi', '1l4o9pko', 'aakzdkcj']
3319	['5bk0w0sa', '65ois1qn', 'aqfrykut', '2f09vauy', 'wtxhbzr9']
3330	['pavd7sj3', 'dtja6m6w', 'vu7bq4b2', 'dx2cx9lx', '9hzbi2yi']
3334	['ueid1mma', '5hirx7a1', 'emsf4i9c', '3jolt83r', 'prqrsb3c']
3347	['yc7cvbii', '2xl0gp1o', '0u330d2u', '6akx6xpt', 'aj64338q']
3349	['rpjg4a9i', 'cfd1x420', 'rc5d6wi3', 'k457kqlo', 'awh8y9j8']
3350	['41yfx1ev', '1nqbqmum', 'yvdaljz9', 'e9m31jyc', 'd19v8qca']
3355	['iu5ndsxn', 'lm73oj21', 'ax3e82js', 'aakzdkcj', '14alhxc3']
3358	['5nr3j1ew', '5iudn4kq', 'ot1uz6vc', 'fteydbm8', 'ai60maqz']
3364	['lvydhfej', 'd21lvneh', 'l97yi8l9', 'vrjibtfi', 't8jlihgm']
3370	['ktv6fk7q', 'rthsl7a9', 'omz42d9y', 'wfa5fb3r', 'is9a77dk']
3430	['df65w0lx', '8of3u2sc', '9452kqc0', 'j46bet38', 'v60ydkm6']
3450	['d4eae8g3', 'ix48o00j', 'jw713e2n', 'hzbtd39j', 'oj278zls']
3451	['0n51j2jo', 'eq5qqshb', '1m1hi735', 'ey0r1py7', 's96beqsh']
3459	['vdejfuuy', '9jqafpkp', '0e97tdez', 'ueb7mjnv', 'lx77ln0h']
3463	['3f0pgo4z', 'fpexa30s', '1peg3502', '43c1vind', 'nphdtsbt']
3476	['yink1e6b', 'nr440fxm', '68cgub5o', '3wk58t5t', 'tdwkxwod']
3481	['leg5ntvu', 'tra5ewc5', 'n2t35wgn', '0a1m1niu', '7g9fivhc']
3485	['3sr2exq9', 'sv48gjkk', 'k0f4cwig', 'z795y51f', '8j3bb6zx']
3486	['zpxnr9s9', 'gap91mwc', 'dx53hxej', 'ao6632cb', '1z0q5oxo']
3491	['mlozjg9h', '306381wy', '8j3bb6zx', 'ghssymgb', 'ntm0moof']
3502	['ufzjvdho', 'eml8uilb', 'jo489zm2', 'djev6er7', 'aktcrflj']
3503	['ijzoa0yn', '3u3i5myh', 'wl2iuup5', 'xkqajjgw', 'vo4csaah']
3507	['nmrxjal1', 'cgc0v1dg', 'hw2s28hs', 'yxkub54e', 'q7vv128t']
3508	['io8mozoe', 'dmqk247e', 'vvuaegse', '4cy3er3y', 'deas7kr0']
3509	['1qwq3jme', '9f7k0q1h', '80t2ovkk', '898oxxqi', 'hrqjrrzp']
3511	['uarsobci', 'ngbnnpni', 'nl1ud0rz', 'uto9q6s2', 'v0y734lu']
3518	['06yuz5pn', 'k8xp61uu', 'gi3vfi68', '9kk8pevp', 'iwc72ymq']
3529	['k4ttbbix', 'uv5jctnd', '37gpov43', 'ohyvuybc', '4u3v4vyu']
3549	['75cnqi4v', 'h4sbz3md', 'ksvw62gl', 'yb9uyov3', '5kz2s7ag']
3551	['fbtyz7tk', 'po6cqv4m', '0chuwvg6', '9x5k7we8', 'f35cqkpf']
3566	['ofgv3p8y', 'sxl49cs3', 'zjujs11q', 'vp2t4xkn', '1ha9cubv']
3568	['avmfz0z7', '9exmyy5a', 'hakbt2zp', '9pei109o', '7obhnmah']
3570	['t1ughb9b', '7a7oi5dt', 'ju87prqm', 'pq571myy', 'q9bwvh0t']
3573	['6rpm4phy', '2aslzgdk', 'pqt10xzt', '72f64kpf', 'frr4vu0w']
3603	['r9datawi', 'gmp22v65', 'iwd8nkls', 'w7xaleep', 'cfkeqgj3']
3617	['dsfbmhbj', '7a7oi5dt', 'q9bwvh0t', 'maqo773b', '9ok153yl']
3626	['nr0fu2qb', 'h7ftu3ax', 'iu1d9i57', 'ohkki0ke', 'x9sfgtim']
3647	['ue58uvot', 'ec3pmvih', '0ogmwreb', '307rt03e', 'wiei5dpt']
3660	['saxtdqvh', 'o4ri7t16', 'liip39ku', 'ls4qfvwq', 'vqswp96l']
3719	['ajlpb9li', 'g266ttng', 'q7pieq3w', '7tp8z7n8', 'u5nxm9tu']
3732	['ax3e82js', 'oud5ioks', '9wnkmn27', 'nvbt5gxl', 'r76tqrwz']
3733	['ax3e82js', 'o1xkgkn1', 'r76tqrwz', 'kc5zizqa', '3m9yonqe']
3734	['b8mx2wrg', 'f64tksb4', 'b03s7wsw', '5yi8lm2e', 'sybr04qy']
3735	['u0vhs2d7', 'yamabj5e', 'ijlgjdep', 'tqlzeh09', 'ddpfox68']
3737	['9b6cepf4', 'qdw86v8i', '2tre0wat', '2bpyvgv7', '33wqmdnk']
3761	['jz3gnise', '55hyrgvk', 'zzscey1f', 'ffy19pp9', 'ulmyc9su']
3764	['sljh3o2k', 'a2m0wswj', 'sdumu9yd', 'uqfwx4nk', 'otfb69ft']
3798	['7xt894vr', '9x9toshx', '998a0aoc', 'a8u31pkr', 'n6d6ebhm']
3801	['7xt894vr', 'rztwiflt', 'a8u31pkr', 's7wykoze', '998a0aoc']
3804	['yf3z913h', 'ho6qjkyr', 'tgrh7ap4', '78qsuc5l', 'oyplh9cn']
3808	['ybyk54ts', '9g0lo2e9', 'jhsqrto0', 'ncfvllzi', '4kfbs7j4']
3838	['s9lkvzpo', 'z4cq9klm', 'pta8enbu', '08d9t9ex', '9ud32cvb']
3843	['y74qhqw7', 'mzekhyu0', 'g4pd6g4j', 'v85v5o51', 'fyy42zaf']
3844	['4ohgr8j7', 'p9qeaedh', 'k9n2a5ss', 'brt4zrhe', '81pr5etw']
3857	['2damkjcs', 'cht8xf0x', 'h7f3bkc2', 'bdxzphjb', 'nh4dw75x']
3874	['gw9hkw00', 'rztwiflt', 'ptnjbhtw', 'hfk8nikl', 'wxc5g9l2']
3882	['pvshw2pn', 'fbcu88lv', '7ru6tapp', '9pn62o4p', 'c4ihkcyr']
3906	['0n51j2jo', '5c8im9ci', '1ihib857', 'd2s3170w', 'iu4p5k0w']
3908	['d2s3170w', '1ihib857', 'vc6j8ao2', 'dm6pznm2', '5c8im9ci']
3914	['asphtor7', 'ha5ld7be', 'uhs1nz2s', 'an8957d8', 'y42gcbj0']
3920	['s7v66pvg', 'l6yr6ang', 'yb6lmv1a', 'focpnnks', 'y1ob8tcq']
3926	['e0pz0z4j', 'alc0jsh9', '9ige2pwd', 'wxc5g9l2', '5fg1keua']
3941	['coh92gm3', '8xvqq5eh', 'furicopj', 'viqy2ec5', 'x220pjeg']
3942	['c3wkwn0u', '55yxh5er', 'uk6whrhz', '1umbwskb', 'vvxfq84h']
3944	['qfq1nfcn', 'ssskg86y', 'y2zcwcic', 'vs730te0', 'wi1slkpf']
3963	['dnm7s947', '8g70j0qw', 'd2pzezq8', '60en5zy7', 'lbxg93hl']
3995	['ogdqq3dl', 'lmzkseiz', '8k2v0u19', 'fq5nayxt', 'khurgfsn']
3998	['vy21fxfd', 'daxv3reg', 'w50gorzr', '2lanvyia', '80cbwj3o']
4005	['fcb8egak', 'i8byjktt', 'ujq9mxk7', 'yjurt0k6', 'm9i9gu5g']
4016	['x14iywtr', '9phgag8q', 't3vuwghp', '0e97tdez', '02t7jcbt']
4020	['8g70j0qw', 'iepagac8', 'konern28', 'zowgwnjq', 's82tyeis']
4055	['p8ckcvyj', 'rc6cza9r', 'v9fz02es', 'bran54ku', '0vwspd6l']
4066	['dcfqvp4p', 'yj62tnz6', '8rvhqd9b', 'szekvw7e', 'sz072p5o']
4073	['io8mozoe', 'dmqk247e', '5eo7wfle', '1omv4r30', 'z9csj1bh']
4075	['v5beddu4', 'l63d9lyd', 'b4mjo92p', 'jfdrqkvr', 'bpiiddi7']
4077	['v5beddu4', 'us11gvdn', 'irx4pcsx', '9jfclm9c', '2my9o9fy']
4081	['66obkrxp', 'j05hs577', 'qlfp54io', 'y0wu60n4', '3cyo993u']
4093	['v5beddu4', 'l63d9lyd', 'irx4pcsx', '1475ms9x', 'tvg6q8cw']
4099	['t7xaqtgo', '6a1fl65b', 'hgcsfxwo', 'yt2fp8zl', '0oxo2awm']
4153	['est5jx7g', '6bbqvkvn', '2neevooh', '5351oj7i', 'p3cxk8gd']
4169	['rm6av6sj', 'mzekhyu0', 'vpoqfm7d', 'q5ie1v0v', 'xzy98hm3']
4177	['07a30kd9', 'w25jpub7', 'r0osk17r', '3h3ihfyq', 'e5flh0af']
4186	['z9csj1bh', 'ncfvllzi', '723l0buc', 'tpic8ddl', 'd1p8zo23']
4189	['ax3e82js', 'r76tqrwz', '0r580il2', '7th3d6wk', 'iu5ndsxn']
4197	['gtp5daep', 'gttuxtw6', 'g4i4hkhz', 'gtp01rna', '64qt0w2a']
4199	['io8mozoe', 'dmqk247e', 'deas7kr0', 'j1o86xp9', '1omv4r30']
4205	['zcwh1892', '18swtk61', 'ybcr7clp', 'eomtjrgc', 'h4sbz3md']
4218	['t9hbbqay', 'nom4z0tv', 'b9jcuwu5', 'do5qr3ya', 'k18k0kuk']
4220	['3c1fujrd', 'psk1lnff', 'a3lk2q02', '08u566ia', 'ihgxtu8g']
4224	['qeqd4soe', 'sywxrxmf', 'y420tku1', 'wmocjiwh', 'lm73oj21']
4230	['a5w7tbtp', 'ehmy9al1', 'wuzeby05', 'lyhdeks1', 'lz6pbh45']
4241	['ajqbljai', '8xvqq5eh', '08xv22bc', 'nc2sh98g', '4b6jrycu']
4254	['5azti19e', 'zqekxlz9', 'r5v2gi3v', 'z2z0hu49', 'db8fl9d2']
4270	['53v1olqq', '7y6ok9a2', 'ntxufeg5', 'uazqkay9', 'vjtwipu9']
4271	['0shy9q2l', 'nln6pl3h', 'ybxuykpz', 'sjkni2uc', 'kr4sr1ae']
4276	['xtmn1n0r', 'wn98fql3', 'h7ftu3ax', 'ohkki0ke', '1s8jzzwg']
4294	['ktm0akxd', '5t16srpn', 'dblqryhy', 'bre2ijbb', '7objlrqa']
4299	['w3fxltzw', '85k68r5h', '9h4zzo5q', '7fapl71l', 'jfeamjqu']
4303	['a9prti0f', 'ks0zkp57', 'd19v8qca', '7o7v0ewg', '6hl55c60']
4312	['mena480g', 'ixvsemvw', 'hgph0vx4', 'pspko62f', 'bfmcqcq1']
4314	['5u63aqo5', 'h2lnqvsv', 'k4k3kcrh', '9zco6ofx', 'wm6iem8d']
4335	['227l4bzl', 'fe14iohb', 'yo2lpdi4', 'klqji8gj', 'puttcvi7']
4349	['1s2kfzkn', 'eflwztji', '05vmhjjp', 'u7ao9dwx', '5upb25gt']
4376	['oud5ioks', '26kx1b0h', 'z22g03v4', 'kl3mfkoh', '9wnkmn27']
4382	['g4k0ksr8', '9miesbf1', 'gsvzkivp', 'dz6nv7h1', 't1rtrbtd']
4388	['xd5uhah4', 'mz1bof2x', 'pjh2lr22', 'w036x5gr', '2scp98u0']
4392	['iiafud87', 'f2jzz41d', 'gjo29e21', 'jzm6nc41', 'vg96f35h']
4411	['6qai5sev', 'ihler8r0', 'ike8mgh6', 'l4y7v729', '763v4duh']
4418	['3xvphg52', 'gkf3wez8', '5sfojk7y', '10dkpj5h', 'u20e82de']
4423	['9b6cepf4', '3nf5bxv3', 'zycgczqy', '92z77upt', 'db8fl9d2']
4449	['e63j8gci', 'db8fl9d2', 'qdw86v8i', 'gtwg0m54', 'f8ah4lzx']
4456	['f97doeoj', 'nr0fu2qb', 'ljpeq5aw', '34hbc1w9', '27thc6m4']
4459	['vprj63y2', 'yr69ctrj', 'd5sxycaw', 's1jrb2tn', 'qh6fqna8']
4460	['6hl6rtsh', '121p2shq', 'li8kvzdh', 'hgpiig0g', 'ihgxtu8g']
4478	['j4p46aiv', 'ulfz0b15', 'g2nhydu6', 'u2kjft6q', 'l57v4wnr']
4480	['tx2krngu', 'geo7ac5i', 'jbpocl1k', '9jqafpkp', '34tqy9tb']
4496	['8bjfoa9g', 'y14lw5b2', '9v6f2274', 'wtenvb27', '2f7wqamp']
4497	['f5ehif2w', 'cj7izin2', 'std4jddn', 'dksw5yzp', 'uliopaz0']
4498	['9hzbi2yi', '01bjz2qq', 'ayglihws', 'gg5c8v7d', 'xezpzl91']
4506	['bf42staf', 'd8x3b9a3', 'wdn5skh2', '7as9f1n6', 'of9wlhga']
4510	['cj82xu0w', 'gufhaylj', '2fyo2q4n', 'nvphu1fm', 'iez1j9jn']
4514	['hrqjrrzp', '94w1sbsb', '9f7k0q1h', 'rytw6rfd', '7fua7kgs']
4529	['v4ubd1l6', 'b8c309hj', 'xxtgzo5e', '5u7py7ca', 'ez1l3m4o']
4541	['6ulvk9hv', '5s1uj2qi', 'o7ww2prj', '3flwt4et', 'xjl11qzh']
4544	['wx5zq7jt', 'm4hwwhux', 's7sq53zy', 'lh9tk4a4', 'uukdrm6y']
4561	['1s8jzzwg', 'w1bx4a7v', 'w0ebmg16', 'ximw03ej', '0yysikc1']
4584	['7y6ok9a2', 'hl956i02', '4eak8e8l', 'qsyqnwn5', 'g17lp8ch']
4586	['qdw86v8i', '9b6cepf4', '33wqmdnk', '2tre0wat', 'k8wb51i7']
4595	['lt7qsxxh', 'pq85mvab', 'nxabdur3', '5xki1ulf', 'auiod44t']
4610	['ibnudp1x', 'gjustwrb', 'd0lulco7', '6wpyxcuy', '0zun27k4']
4626	['txnegebz', 'eflwztji', '39mfts0g', 'xsqgrd5l', 'q5wiqpcb']
4640	['tmdsyzyt', '4nuvdxjc', 'mt61b7o7', 'c82i3u0j', '44m1nfb7']
4670	['86auifl6', '9x1d1kp1', '08d9t9ex', 'edz3up3a', 'wkz2ammt']
4676	['xkqajjgw', 'yjm6asp5', 'ptd57hee', 'q9bwvh0t', 'ikz8ui8y']
4696	['q473xazz', '7obhnmah', 'mi6bdisx', '6a6tyvtz', 'dlwfu274']
4697	['1s8jzzwg', 'w1bx4a7v', 'nr0fu2qb', 'w0ebmg16', 'ximw03ej']
4706	['mgwx0u6x', 'hu2lg6i7', 'vwrhypnl', 'h26a3h5f', '7obhnmah']
4707	['hu2lg6i7', 'mgwx0u6x', 'avmfz0z7', 'hakbt2zp', 'von13s78']
4708	['q4aqkr0w', '8iqs6jko', 'dxrltm25', 'w0ebmg16', 'h2sza0if']
4709	['hu2lg6i7', '8oi7ptfj', 'von13s78', 'mgwx0u6x', 'y203109o']
4717	['rr87vhd0', 'r0taoqsw', '0n51j2jo', 'k8wb51i7', 's96beqsh']
4720	['p576v9du', 'frx9hfxg', 'db8fl9d2', 'q6j7vy8u', 'w1tdg8bb']
4724	['hkk23tqt', 'z92xqedn', 'aj885nl0', '2uy0jjdh', 'rr0v0ju1']
4726	['dmrtj9xl', 'sbl3lbxc', '39tvv57g', 'sowhjk3f', '8th933g4']
4730	['jr92ou2e', 'b9nsh19x', '4socpj73', '3et2u6sq', 'y7v9zc6w']
4767	['l4y7v729', '2tre0wat', '33wqmdnk', 'w0ebmg16', '2bpyvgv7']
4772	['ocfqb3a2', '9rgv88qf', '408m4t00', '40dsvwyb', 'bcraqemn']
4782	['vc6j8ao2', 'gtol0evh', 'iu4p5k0w', '1m1hi735', '5c8im9ci']
4785	['8l5i1z27', 'q473xazz', 'cj3cpn5j', 'oa81rhdb', 'ruewzstg']
4804	['zs6sjlyn', '6danlh8h', 'fub9kiay', 'zpqgz95r', 'kczhrxxd']
4809	['3cr97dii', '1vd4j3qc', 'mi6bdisx', 'n5c0hcwn', 'rckwiqgb']
4814	['ey0r1py7', '726t123x', 'wcq3qqt4', '9oejm9sc', 'w3kkizaq']
4822	['ntxufeg5', 'iff8cuum', 'zpqgz95r', 'hnx213kp', '5bl4h80v']
4853	['1vcc1khg', '9gn4jcu9', 'xtmn1n0r', 'w1bx4a7v', 'dhd9e9bn']
4884	['ckswlo9o', 'nd5r4yt4', '46je80h6', '2rcngljf', '2qwv6wzq']
4894	['ypls4zau', 'ratbgibg', 'obhm5mc5', '5a5a8ifz', 'mlo8zypy']
4901	['szekvw7e', 'r0nmq9ne', 'lz8b60ew', 'oxa060jf', 'cnfpsbuk']
4928	['ahpkmffy', 'bti9aw8g', 'vxmamhkx', '9x5k7we8', 'hunepli1']
4955	['kl2766oe', '2ax0z8r6', 'ch4ouyvj', 'o5k6mqid', 'ybyk54ts']
4962	['sjkni2uc', 'm5siraig', 'jmdrupds', 'kt615lm4', 'qopfltoi']
5001	['ug239kup', 'e9ntnp5r', 'bn0fegqg', 'taz8f384', 'nosh8awp']
5004	['wi1slkpf', 'nle4axad', 'e63j8gci', 'qfq1nfcn', 'xnrp2tpd']
5008	['cg6v3yma', 'e4xw6gyp', 'snlukr6c', 'jfeamjqu', '46no7uq8']
5020	['7015mpuh', 'geo7ac5i', '5hxsagx6', '4vkkaqhz', '7rsp9vu0']
5022	['9s9ctu9i', 'jvood8ur', '6nsoj5we', 'gduako3g', 'jp87rp44']
5039	['dksw5yzp', 'zr4pw0e7', 'gjsrfmj4', 'qlejjw9s', 'ks0zkp57']
5048	['a0q61mpi', 'iu4p5k0w', 'r58aohnu', 'xtmn1n0r', 'w1bx4a7v']
5055	['0o7rm667', '8hvve871', '6lsgwvsv', '5hei9fac', 'z6sjfdb9']
5069	['v3kzly7z', 'f60z8jo2', 'nosh8awp', 'taz8f384', 'psaq958v']
5082	['9b6cepf4', 'zycgczqy', 'qi1henyy', 'rpwmcqbg', '5vodag6c']
5084	['od5nnxvg', '5zn5mgi9', 'fxvro3wl', 'ykxr9q1j', '607lsqlg']
5090	['xmqdk2wz', '78qsuc5l', 'ho6qjkyr', 'r4btmprw', 'tgrh7ap4']
5097	['hduwjbtq', 'n2rec4i8', '25bdifv6', '1u38iqip', 'p0brp6qd']
5098	['xtraspw2', 'h7ftu3ax', 'w3ls1d7w', 'hl956i02', 'qi1henyy']
5101	['khymg0zr', 'cq5il80s', 'sdsmy0bw', '33wqmdnk', 'ny7wkswf']
5107	['8b0bjxdt', 'cg6v3yma', 'wzqdo1st', '80yu5aiv', '0mwz8kwo']
5109	['yw81byd0', 'ickzzm6y', 'qw5rpzws', '597wavq2', 'd8vo0ncl']
5111	['j4p46aiv', 'h9nzxlaf', 'ptd57hee', '2qcuygax', 'ikz8ui8y']
5154	['ivy95jpw', 'xnrb0byz', 'rh2jrojk', 'hert77y1', '8o2xddof']
5178	['0x3uihto', 'ojw27c8o', 'mrxpmqw8', '509h7pnh', 'ksgdjdh1']
5184	['dtja6m6w', 'pavd7sj3', '1mz44ole', 'vu7bq4b2', '9hzbi2yi']
5190	['7yias3rj', '7hvq9qaj', 'rkgrsiqf', 'park7t3g', '095g2l66']
5212	['jvo0nk3w', 'l19nsvun', 'lnnsxwk2', 'tl16qf33', '29ph2eai']
5218	['jr92ou2e', '5rdsn2mn', 'zrjvpoq0', 'uhtwkkk3', 'l07q84ni']
5240	['h65g7bf2', '304aayyq', 'zowgwnjq', 'mb18fj8a', '85tgrqab']
5242	['yn2aylru', '0e97tdez', 'fvcyqzgb', 'uk67ac2r', 'yjbmi8ur']
5255	['z68tl88x', '1adt71pk', 'yjibz8ie', 'yhmcx7ae', 'nksd3wuw']
5276	['i5h0gm3u', 't13pehgc', '24t0lunz', '5b1xsakf', 'bsiwkixj']
5298	['9b6cepf4', '2bpyvgv7', '5z0xwlxp', 'jjh1z5c6', '2tre0wat']
5303	['vwmjf326', 'w1azm2mc', 's86zb5up', '9exmyy5a', 'dfch7enk']
5311	['f6li7qil', '2qwv6wzq', 'ovuh3qoh', 'mo3y3mau', 'k2zrdjyo']
5313	['q1nye2ih', '32ua8wb6', 'l4y7v729', 'h73m17lw', 'ge8o93rh']
5317	['2firaix6', 'gsgbhqwl', 'ca1v4k3h', '5g70w76j', '7ouo6beb']
5320	['zue5hnal', 'xtmn1n0r', 'eay6qfhz', 'cg6v3yma', 'lkb09vs8']
5323	['r58aohnu', 'yrowv62k', 'h2sza0if', 'h7ftu3ax', '0imnd2q5']
5328	['9hpkmjvu', 'a8u31pkr', 'nom4z0tv', 'h7ftu3ax', 'qi1henyy']
5333	['h0iynw2w', '8jxacsfr', 'qxqo23i9', 'rc6cza9r', '7klqhnr2']
5366	['xtraspw2', '9pb2eqoa', 'h7ftu3ax', 'w0ebmg16', 'w3ls1d7w']
5399	['qeqd4soe', 'o43e6aid', 'y2739974', '14alhxc3', 'q732eylh']
5410	['qqwqmn2z', 'e04rm758', 'ntxr1ivx', 'd0pawki3', '4e82s91a']
5430	['xd5uhah4', '0gn3b98n', '2f09vauy', 'f97doeoj', '65ois1qn']
5435	['pavd7sj3', '9hzbi2yi', 'vu7bq4b2', 'dtja6m6w', 'zzf2i2k2']
5441	['6hl6rtsh', 'ljpeq5aw', 'uyzalds2', 'o8lasxcb', 'mja2qlpk']
5446	['w3kkizaq', '0mwz8kwo', 'eu2vjpw9', 'li8kvzdh', '5nyc1cn5']
5455	['4hog76lx', 'qcxpmfmq', 'g4k0ksr8', 'ej9qbrt8', 'cj7izin2']
5460	['qcssljgq', '7pbrnn2g', 'idg7c8wf', '1a1zb9p5', 'wcqr1cxm']
5464	['cd81i918', 'a7420by2', 'j0bu0upi', 'wv2gzahy', '9p2pzsx0']
5480	['nt1e70dv', '7xnga86x', '53t1mhnb', 'ljlsvc9h', '5jlohhmv']
5490	['2damkjcs', 'yo815hnj', '45r3ccwe', 'cht8xf0x', 'spwtv7n7']
5492	['z77wg8j9', 'nl1ud0rz', 'z94skip6', '8lqb9le5', 'bpv5wgm5']
5497	['nxabdur3', 'lt7qsxxh', 'du8wmh6n', 'h1sura49', 'a242g5kg']
5506	['8fbsaocw', 'yn7e3do9', '0o7rm667', '88vj8czi', 'y6jrt5xh']
5512	['518rjfnc', 'pmd1n2l1', 'uqpxs7et', 'zd8276gs', 'vjwu0fvp']
5515	['geo7ac5i', '55hyrgvk', 'fsa9o8ve', 'a54kdnxm', '9oxajwkk']
5523	['6j9x3pn5', 'i0bc6k81', 'k4ttbbix', 'q5ie1v0v', 'bgsbbszf']
5532	['tk0iwpnb', 'tp7wthiv', 'wt5qxe0j', 'b0wy5zz4', '3z9ubx09']
5535	['3m9yonqe', '1ov3eydq', 'dqhdws5k', 'sygm6irl', '9aw78s63']
5623	['zvmwubuk', 'gg5c8v7d', '9g0lo2e9', 'uom5r1pf', 'hjmjav50']
5648	['icnjhhyy', 'lxzmiehr', '4mp1iu55', '08h4198w', 'k8vjv3zy']
5663	['3znsneqq', 'a8065dca', 'ielatiaq', 'i88ccp9w', '62bob168']
5667	['73b58lcm', '296ilxyg', '7xb7hj9u', '606oxq14', 'z5rwznmv']
5668	['f3eogz0n', '2cwvga0k', 'lsojoa7c', 'd6zrj60t', 'yuw7dvcn']
5671	['leqluxpl', 'nzfpgxa0', 'nz42wegs', 'p0brp6qd', 'xt696aq9']
5686	['64qt0w2a', 'fdkt6moe', 'su028g3j', 'wnpmwne1', '8glhd9xe']
5695	['9oejm9sc', 'wcq3qqt4', 'e63j8gci', 'octtj2vf', 'mkl7rvr6']
5719	['8acldtv2', 'h2h4bnd5', 'uarsobci', '3bwqbe5n', 'vtcq6jgf']
5748	['92z77upt', 'iu4p5k0w', '5yscqct1', 'r58aohnu', 'a0q61mpi']
5762	['bpu3hpbn', 'dvi7pd4a', 'a9yo0htv', 'daxv3reg', 'w1d83bkb']
5764	['j58f1lwa', 'o5k6mqid', 'hsm75cww', 'xwghd9ut', 'r4yukmwe']
5765	['1cpjqav4', '9dlaaye8', 'v1egyqt4', '2qksxqmb', 'qgxaekae']
5811	['dhd9e9bn', 'iu1d9i57', '1vcc1khg', 'y43prnko', 'fj6l76hq']
5814	['zy48nad1', 'f64tksb4', 'b8mx2wrg', 'msra1ghp', 'pggf4wyo']
5817	['41yfx1ev', 'zrg21jgx', 'ks0zkp57', '3tnual3u', 'd19v8qca']
5825	['hgvqjtfa', 'vkbsxz7r', 'y74qhqw7', '2lanvyia', 'hgcsfxwo']
5830	['3u3i5myh', 'c2krtbvr', '8lnjbxe5', 'ypqusgs3', '6zjzy0ft']
5835	['y3fagw3t', '24m4rh9w', 'oxad3dae', 'nhy1ofwa', 'pq6c0zia']
5847	['eztw9tx6', 'gw1pr7fw', 'oydib3p6', 'toy8i1lm', '2aslzgdk']
5851	['v6qgjuas', 's1jrb2tn', 'y4rhmd8t', '383sp7f5', 'vprj63y2']
5858	['erygg5u2', 'n0uy6hd2', 'l00jvzth', 'xuqkhpn7', 'prqrsb3c']
5887	['yhun6hid', 'r99924c9', 'grm6kfx7', '4rzogopt', '3unp46lw']
5891	['8bjfoa9g', 'knbngla3', 'wtenvb27', 'nxihvig3', 'y14lw5b2']
5893	['r4q0zqam', 'x6cozo6b', 'n1r841sz', 'zbr3kfv2', 'hunepli1']
5899	['alc0jsh9', 'ug088fmh', 'g4k0ksr8', 'v1ei9im8', 'vprj63y2']
5951	['lr20prun', 'ikacd7ls', 'iu4p5k0w', 'yr69ctrj', 'k42xr256']
5954	['5gq0wqej', '14xuei7l', 'ticmj3x6', 'zjbclhj3', 'eu1gbga9']
5955	['1s8jzzwg', 'y43prnko', 'zycgczqy', 'dt2pew66', 'h7ftu3ax']
5976	['io8mozoe', '4cy3er3y', 'deas7kr0', 'vvuaegse', '2tggadqm']
5986	['rb20ge7e', '5jlohhmv', 'ljlsvc9h', '2j11uxmx', '7xnga86x']
5999	['65n6p550', 'b7llp5r7', 'l0vycwd7', 'tweqo3fp', 'tnkkas7x']
6011	['io8mozoe', 'zs78ndoa', '0999t5x0', 'z43p1dmf', 'szaxl65f']
6013	['bgiyvqgw', 'f0t6n2j1', 'yhmcx7ae', 'lgflny84', '0cybfr2n']
6018	['io8mozoe', 'dmqk247e', 'y442ugst', 'v1egyqt4', 'sdsmy0bw']
6030	['2fokjcjr', '9b6cepf4', '5vodag6c', 'rcsohu4m', '8hkxbxz9']
6033	['trrg1mnw', 'ixvsemvw', '1v8xf5uy', '32ut5vr7', 'edr7hrhp']
6048	['8lzpz58y', 'ncfvllzi', 'w50gorzr', 'ikon1ktb', 'n5qfwl57']
6050	['x6cozo6b', 'gpbcwdz0', 'xe29akkm', '58r5wcwd', 'est5jx7g']
6051	['9ixpj162', 'plzklj7c', '1475ms9x', 'v5beddu4', 'xzuynia2']
6061	['sc40pmn4', '1iclw0nt', 'nro623aa', 'iseh0z9c', 'psk1lnff']
6073	['fj6l76hq', '7zngkwoh', 'w3ls1d7w', 'y43prnko', 'dhd9e9bn']
6079	['zcmaqar2', 'xxu5e5t1', '0hmwg7io', 'f3w4v5ej', '53joafkg']
6088	['71x3b75z', '3wk58t5t', 'byvsuvn0', 'is9a77dk', 'mut94ov1']
6092	['25jq098w', 'o9vlrox4', 'vge26qe9', 'ngywgodg', '05djnz4p']
6104	['gc9eg5j3', 'faec051u', 'hgpiig0g', '5i0m18nt', 'qwgufqcs']
6109	['cfbj6ize', 'xj1nw76b', '5c1e0770', 'z218oii3', 'bre2ijbb']
6117	['kq0cu73r', 'npe81wc8', 'aj7rwpbn', 'gywxvzm6', 'tyaazpo9']
6129	['w0ebmg16', 'bfcz49t9', '1s8jzzwg', 'xtraspw2', 'h7ftu3ax']
6139	['6mfd3n4s', 'qxwjpv40', 'qh6fqna8', 's1jrb2tn', '6g4oclln']
6143	['5jwuluy9', 'vnsag9fc', 'tded20ih', 'tpihyxve', 't3qn61pn']
6155	['3cr97dii', '8p0xdqba', 't1ughb9b', 'i94boetk', 'nuu9l5kx']
6169	['i4p0n7d6', '6vqf2n5j', '5ik10en4', '383sp7f5', 'y203109o']
6179	['00xnsdt9', 'rtwr4a1w', '675v58x8', 'doi8buyw', 'hitaptnp']
6202	['sncz4jkc', 'hert77y1', 'ngb7pbyl', '17km3arw', 'lm73oj21']
6204	['kn9b4v8j', 'sybr04qy', 'klqji8gj', 'cxqzo58q', 'hbvwm62l']
6222	['k9xhphpl', 'qkjieod9', '08bw0h8m', 'ydv0hc0m', 'vrate482']
6261	['1daa6fte', 'a66sszp2', 'm69ceq2t', 'xi17qo6z', 'xh1iw8gf']
6275	['t0l6mlm5', '6g4oclln', '0vy5yifk', 'wcmxmahq', 'e6miaabh']
6276	['ebgu29uh', 'hp62t734', '7d6snq1v', 'c3a85ld0', 'zsygn29p']
6279	['vxaf9e7w', 'men1xxnc', '2199ydle', 'suhax8lh', 'vnsag9fc']
6292	['mf73oqp6', 'z2jtzsl6', 'k30wvnx8', 'lgtpeqhw', 'aizquh16']
6294	['dny9rgv9', 'xz7yzr2f', '748c97u7', 'ym5my5st', 'cjfn4dna']
6296	['nblbacmn', 'beb9lxvn', 'jbpocl1k', 'y2715f19', '5qhc4z2t']
6301	['h2vct9h5', 'jfftgjta', '0retx7ty', 'adh6j7m1', 'gruir7aw']
6304	['h6gdck2u', '7x9jzge5', '71ywsj3a', '6e444g2z', 'yy77zuu4']
6317	['h4cu63cm', '8ljnxihr', 'spfc0fc0', 'ooy5nf1d', 'dt8h6a0v']
6325	['vge26qe9', 'e0pz0z4j', 'p5ceve0x', 'ajmelb8a', '41jqgsv0']
6326	['307rt03e', 'kq58gxgl', '607lsqlg', 'g57r3son', '2bupc5jh']
6333	['q6ho9pdk', '2jfo2csi', 'i4bb531h', '925f5ucu', 'w3jyovd2']
6341	['u9nmqcgs', '6o7q57xl', '43z85jsb', 'cplyj4dm', '9jlnker4']
6345	['v0y734lu', 'ngpl6xs1', 'q77tr31d', 'wb601nx8', '5zhjn3u2']
6353	['gw9hkw00', '5jlohhmv', 't7xaqtgo', '7xnga86x', '3o91v72a']
6356	['qeqd4soe', 'sywxrxmf', '9wnkmn27', 'y420tku1', 'o1xkgkn1']
6379	['tq2vdo88', '14alhxc3', 'qeqd4soe', 'zqzs6vtf', 'q9bwvh0t']
6394	['72jwlfqr', 'lxdcelk1', 'hcwuv519', 'byrpj1g2', 'gk1avld0']
6396	['ysu5rwmi', 'geo7ac5i', 'q0n5mad0', 'e8feupei', 'ynwc739g']
6417	['6ti9w1pn', '5esyjt0l', 'gg2swy7i', 'd0tg9i90', 'fbyq0nco']
6418	['nmh6luou', 'wxxi37v9', '8w43qkqu', 'fp81ceeu', 'm5siraig']
6445	['m5udbs4f', '26kx1b0h', 'zfqz4k8a', 'rbgoabfk', 'qgwu9fsk']
6455	['zp93k874', '0u330d2u', 'cmeiqnng', 'xe2a9x07', 'k2f667sc']
6467	['ga5z3via', 'm46vdpv6', 'b9vm3x3w', 'yb9uyov3', 'k457kqlo']
6492	['k3mz6lf1', 'zbkx78mm', 'nfem3htm', 'cc23zega', 'p3ytwqeg']
6525	['dn9nlcgs', '4j8efxsw', 'e8mk04uf', 'f0m3wuyj', 'ys7vovie']
6533	['ajzl3y46', 'x924tb4t', 'ymv5uhxv', 'tw7jsibe', 'xzmzdq52']
6540	['sgj526ne', '9colibhs', 'omk29wlq', '748c97u7', 'l57v4wnr']
6545	['wp3rwdum', 'wtb51big', '8w43qkqu', 'po32j519', 'igm2qr4p']
6551	['r0pzpont', 'ybyk54ts', 'fedv6m9o', '379lh456', 'dvi7pd4a']
6576	['astxi4el', '1s8jzzwg', 'w0ebmg16', '9ezhwvv9', '5b9jytph']
6612	['61ltmgyx', '2y0sfjv4', 'vszlmtf4', 'j2tyjo1j', 'mhz8ycpk']
6623	['uxxrljse', '86hpivc6', 'cvouxqxy', '2z2etb0s', 'pavd7sj3']
6625	['78d7vub4', '3u3i5myh', 'xhazsa7r', 'u30uz8sk', 'qdmkx03t']
6637	['q10pvwf5', 's1kxxx1v', '0cybfr2n', 'tmwt9yd6', 'rjelshrp']
6681	['xtraspw2', 'h7ftu3ax', 'w3ls1d7w', 'b97acsgn', 'qsyqnwn5']
6685	['k4ubol2x', 'gtwg0m54', '9gn4jcu9', 'qi1henyy', 'kca5r5hr']
6707	['8jhwamfv', 'ozj6zju8', '5epugrai', '70m9l3y0', 'gme1zk3n']
6720	['vzdu9jwn', '3km6yfr6', 'to2wxs8m', '82wscept', 'tp6co59t']
6738	['bzeqs5oh', '675v58x8', 'u0jddsup', 'oyr4klqk', 'm69ceq2t']
6747	['33wqmdnk', 'cq5il80s', 'khymg0zr', 'icgsbelo', 'k8wb51i7']
6749	['cfbj6ize', 'xj1nw76b', '5c1e0770', '0y4f1sgn', '1fxb5vru']
6765	['4p6fcy8f', '848jmwgc', 'ykxr9q1j', 'pc2cnhjd', 'od5nnxvg']
6766	['incbwgua', 'dqlwamhq', 'y3c478hf', '9gn4jcu9', 'acyexmyq']
6773	['l9lni5d3', '4p6fcy8f', 'pc2cnhjd', 'dczcruim', 'aawjla6h']
6774	['olhgu24h', '4p6fcy8f', 'be4afbyo', 'zc10b6j5', 'c59vfq1o']
6778	['dsfbmhbj', 'k4ubol2x', 'd19v8qca', 'q9bwvh0t', 'r5v2gi3v']
6805	['ot1uz6vc', 'qaid1rop', 'wxc5g9l2', 'lby3xhmp', 'ldcim3cw']
6816	['ml27mexb', 'jf9whlu7', 'm0598zrc', 'e37oh29c', 'trmwm9qq']
6822	['02p4et0u', 'm46vdpv6', 'gxu62u9i', 'g0wujywh', 'cj3cpn5j']
6829	['0gjzpef1', 'hfaiddki', '8gogju5n', 'zqqp22y7', 'qn18rhcs']
6833	['8cviwmi5', 'vprj63y2', '0vjxc1bm', '2rcngljf', 'y6jrt5xh']
6854	['9ppg80x4', 'lsvf3hl6', 'x3z7utn4', 'wbsl6n67', 'pkimbhz9']
6855	['0zphhxxh', 'qhbuvt1l', '27thc6m4', 'rg5sd5ya', 'pfa3h2e8']
6858	['9b6cepf4', 'qdw86v8i', 'rpwmcqbg', 'i1yf8fgk', 'qi1henyy']
6864	['14he8n3u', '5aev7ltr', 'uj0k84vk', 'q8l3ra55', 'xj1nw76b']
6866	['u95kg3m0', 'nles7ymd', '9dnj4ppj', '0b1dbz6q', 'u07jsjmf']
6868	['vge26qe9', '05djnz4p', 'ngywgodg', 'o78vcy90', 'sfm82h0g']
6874	['1adt71pk', '550ik6bk', 'sz072p5o', '2qre0gc7', 'yuv6w9nt']
6881	['kczhrxxd', 'jkff091e', 'x60fkihk', '1v8xf5uy', 'gw9hkw00']
6890	['0j4ind0z', 'u7ao9dwx', 'zq6oe8w0', 'x5htdsbn', 'f74g59b0']
6896	['1s8jzzwg', 'l8zfuhzk', 'wn98fql3', 'f96qs295', 'w1bx4a7v']
6897	['ike8mgh6', 'atwx0a2s', '2tre0wat', '0yysikc1', '2bpyvgv7']
6900	['2tre0wat', '33wqmdnk', '0yysikc1', 'l4y7v729', 'qsyqnwn5']
6901	['33wqmdnk', 'khymg0zr', 'k8wb51i7', 'cq5il80s', 'icgsbelo']
6962	['qeqd4soe', 'hert77y1', 'ybyk54ts', 'dt8h6a0v', 's0ca1r5s']
6971	['vprj63y2', 'pppb83nc', 'a2voobqa', 'hqapg5ow', 'zue5hnal']
6983	['xr70oiv3', 'cdltu9vs', '5cno180i', '755ym7vl', 'bsypo08l']
6992	['wehqqbjx', 'ngpl6xs1', '0aik5i71', 'f3mvdpq1', '5ogges89']
6995	['ohvh8vga', '6frn41zd', 'gbpfypmn', 'w19e5ayb', 'eydniusb']
7001	['ikz8ui8y', 'ubhv7my6', 'eauj21v4', 'ngpl6xs1', 'awh8y9j8']
7002	['9195zweg', '9k6uqs2q', 'pm825xn1', '25jq098w', '6xlk1n4e']
7007	['dsfbmhbj', '8o2xddof', '24m4rh9w', 'jgbwd3ib', 'stc36og1']
7008	['9195zweg', 'a3i3t6od', 'wbix36hf', 'fdkt6moe', '71ixs3y4']
7030	['0njpdbv5', 'cpp2l8n5', 'yj652emy', '44anlvoh', 'hnx43l5c']
7032	['t4y1ylb3', 'yrhb6ktc', '8l5i1z27', 'tn8houmc', 'cj3cpn5j']
7036	['vp78d808', 'wt5qxe0j', 'hbyxy4ln', 'qalficgu', '54aruvbf']
7039	['29z4q4fs', 'z6sjfdb9', '0aik5i71', 'o1xsjx2p', 'jveh2w09']
7049	['vrate482', 'asdcpvhx', 'tjplc5j6', '8ko2lc1b', '3xw4qjoy']
7056	['kvcx11yo', 'rw3l8nk8', '1na6yp9b', 'gap91mwc', 'oah1to9w']
7070	['5jlohhmv', 'fnguelau', '2j11uxmx', 'ljlsvc9h', 'x73moqog']
7109	['eywnnzxe', 'byw8jsqv', 'idlmau69', 'h9nzxlaf', 'nji5ek3q']
7113	['suw0h7s3', '11d18w9y', 'ft4f28qp', '6ejzpqq4', 'byrpj1g2']
7130	['hn6clwoj', 'cq5z8lqu', 'bzeqs5oh', 'd6a6nagk', 'j7j4bk9t']
7135	['uohbxoeb', 'a40yhtqk', '0bh8i14e', '675v58x8', 'mjb3ip7a']
7142	['5aev7ltr', '0bh8i14e', 'hn6clwoj', 'uohbxoeb', '675v58x8']
7147	['uohbxoeb', '0bh8i14e', 'pa000mr8', 'u0jddsup', 'mjb3ip7a']
7152	['uohbxoeb', '0bh8i14e', 'bzeqs5oh', 'a40yhtqk', 'm69ceq2t']
7156	['uuy94dwa', 'hert77y1', 'k3m72uxw', 'o61dn71v', '2isgi6sl']
7170	['vprj63y2', '2qwv6wzq', 'uppeztta', 'cucrqa16', 'fe72aj3a']
7172	['721ofhsv', 'd6mt6nze', 'vqlnd5rx', 'm89wmmxd', 'tmp6yxlv']
7178	['5o0ihd3f', 'qp8jxcdl', 'h5fvf5ja', 'unbx6od5', '39zvwm0s']
7179	['ivy95jpw', 'kfn2q7wt', 'x8erq4pc', 'kxdfnykd', 'u999bx7a']
7188	['7f5nywod', '3qtxnbb2', 'fnedip6k', 'yadb7gwj', 'tafg1xoo']
7190	['qeqd4soe', 'sywxrxmf', 'y420tku1', 'wmocjiwh', 'lm73oj21']
7198	['rpjg4a9i', 'uqeikj0m', 'z1y1zgo8', '6ukt0gbn', 'cfd1x420']
7199	['k457kqlo', 'awh8y9j8', 'z6sjfdb9', 'z1y1zgo8', 'cfd1x420']
7200	['vprj63y2', 'bdvnwrd4', '5ik10en4', 'y203109o', '2jfo2csi']
7205	['vmijl5yu', '3sr2exq9', 'tx8ypqsm', 'blqukxw1', 'ucpdyk7z']
7208	['j6vs6izt', '51c22b8w', 'hjmjav50', 'uxxrljse', '27ozvy4h']
7212	['ixhaq0az', 'y8p78ep2', 'f3k3olld', 'et3c99w0', 'zcij2k27']
7224	['ksqxfx8m', 'ce9jq0hq', '4kgnx00l', 'hjmjav50', 'eumvomou']
7232	['o1xsjx2p', 'ptn9ntoq', '82hqy612', 'h82r1ttc', '0aik5i71']
7235	['coh92gm3', 'xvzn7tts', 'jxsldz4o', 'hp4hmooy', '9mmdtgc2']
7236	['6ovv79ia', '25bdifv6', 'yaedocvp', 'k2zrdjyo', 'b4161ynv']
7240	['vprj63y2', 'd5sxycaw', 'yrxgaiy7', '8g70j0qw', 'n5ogyxz7']
7242	['6ovv79ia', 'b4161ynv', 'yaedocvp', 'octtj2vf', 'yvdaljz9']
7247	['6ovv79ia', '6ukt0gbn', 'b4161ynv', 'rpjg4a9i', 'xnrp2tpd']
7264	['86auifl6', 'lxqsc60e', '7yias3rj', '9x1d1kp1', '6xc4j09c']
7265	['9hzbi2yi', 'vu7bq4b2', '4yp4beuh', 'otme0vmu', 'dtja6m6w']
7297	['0n07fow0', '0u330d2u', 'b6b6wcfn', 'mmr04tsm', 'utak6i4e']
7310	['zmk8bbcd', 'kc6dls2z', 'dwcu6vyp', '6e0yre69', 'utgnwox8']
7328	['78d7vub4', '3u3i5myh', 'xhazsa7r', 'qdmkx03t', 'fu685z9a']
7333	['54aruvbf', 'vp78d808', 'g1tjpc9z', '7obhnmah', 'fmwb9abq']
7346	['dsfbmhbj', 'ztxfa5b8', 'elu3dztf', '79xnx9gr', 'juofmvz2']
7347	['xthxesgk', 'icse3cz8', '1daa6fte', '4ehxnzc7', 'wt6bp8os']
7357	['mzekhyu0', 'g1w6w5tm', 'irgnrr0j', 'c8sthkc6', 'wrnooffp']
7358	['eywnnzxe', 'yjm6asp5', '2qcuygax', 'c6p7hgh4', 'byw8jsqv']
7388	['cj6o6ady', 'msg9j0lb', '9lwtmn6c', 'ysu5rwmi', '43uhmi0g']
7391	['kfn2q7wt', '0fpa1f30', 'i8byjktt', 'e1macqqm', 'mag2289a']
7423	['08xv22bc', '7np944lw', '2jfo2csi', 'lmzkseiz', '7mc4dq6p']
7425	['mx924s06', 'p485vc0h', '2f9vpqej', 'tq1hb45f', 'b0g8y96j']
7432	['ickzzm6y', 'yw81byd0', '3kk1l0ag', 'z1gnvb6i', 'xykncac7']
7445	['q1nye2ih', '6j45mmjh', 'snlukr6c', '6a728le9', 'hfk8nikl']
7448	['b5yrfllu', '26kx1b0h', '8dobncuw', 'nfem3htm', '5aev7ltr']
7459	['ljpeq5aw', 'uyzalds2', '2f09vauy', 'i9jrobdb', '4mat0psy']
7466	['9kk8pevp', 'qbj8n8h6', 'k8xp61uu', 'b68c8qwm', 'cr2cute3']
7467	['9195zweg', 'hxh085w7', 'n1q1wr9s', 'nswj8x43', 'j7vm8h9t']
7478	['5jwuluy9', 'gln6e0t4', 'l19nsvun', '0ockdyh0', '6hoi1u8p']
7484	['82afil03', 'ea8yn819', 'q0n5mad0', '10l6kx3e', '7yldl4ld']
7489	['jo724gaw', '7g9fivhc', '6hl55c60', 'xi17qo6z', 'l07q84ni']
7495	['1s8jzzwg', 'w1bx4a7v', 'vvmb92wo', '0yysikc1', 'w0ebmg16']
7497	['vj5ahoi2', 'n7kbk9id', 'gsrgf4dd', 'rgso13e9', 'fhxgzm2i']
7498	['0jvoa3ui', 'b0k91b91', 'udr7gxv2', 'xzps65et', 'tffhk1hy']
7509	['emg87q94', '16qdfits', 'm0zvo2tq', 'kk47kxwf', 'y8boml8i']
7514	['vgmzb03s', 'c0c60pyi', '5053t5ki', 'nuzt4jcf', 'gs9lga7d']
7519	['hg1q14gw', 'iz5uzizo', '46no7uq8', '3p8rdaoj', 'vymre7uv']
7528	['6gb1za5h', 'wqri0z4p', '2ddaulby', 'fiicxnty', 'buswbfd5']
7529	['3u3i5myh', 'z6elaxpc', 'unhrmzn5', 'cj3cpn5j', '7pqy0ejn']
7530	['3u3i5myh', 'z6elaxpc', 'unhrmzn5', 'ruewzstg', '3kng7qea']
7533	['1v8xf5uy', 'rnq3k34m', 'svl5ks44', 'jwei2g97', 'tv1a1hwj']
7539	['dsfbmhbj', 'd9b814yp', 'bh8zshy9', 'amw2c96l', '79xnx9gr']
7558	['tra5ewc5', '0clp6zt6', 'i1yf8fgk', 'pu12u627', '9b6cepf4']
7561	['g4nceu64', 'g9btjkcn', 'axd0s9cg', 'ayglihws', 'n119a7fx']
7590	['jk5tczo0', 'iu2frsec', 'msut5gyc', 'wa5rxe76', 'd6wkv2rc']
7596	['g9pwxfd2', 'k5t5rjhe', 'lrqt2gcw', 'svxbesi4', 'h2uc7ria']
7624	['9colibhs', 'sgj526ne', 'zrjvpoq0', 'wm3l1849', 'qqbe2bop']
7627	['v6w9mlsa', 'hsdeesm2', '9mdf927z', 'a2xg7v07', 'uru7bkr4']
7628	['srmmmyll', 'rvny2khn', '1e8cy2j7', 'h5xvrtfy', 'tb460wxd']
7629	['ewm8j8hg', 'ulmyc9su', 'ntra3jhs', 'vjpf1fk6', '8u5tw2q5']
7636	['xtmn1n0r', 'w1bx4a7v', '7ruoysxu', 'h7ftu3ax', '8iqs6jko']
7682	['75cnqi4v', 'psaq958v', 'gi21di4d', '1k0qpuys', 'pfh6nm9r']
7683	['2r0a357c', 'prqrsb3c', 'sdsmy0bw', 'zbr3kfv2', 'ueid1mma']
7685	['cqsga44v', 'oxtvcoi9', '08h4198w', 'ds7qon66', 'm5siraig']
7689	['75cnqi4v', '7pqy0ejn', 'ga1fks7l', 'e8az2cw3', 'ubhv7my6']
7701	['4kfbs7j4', 'nfem3htm', 'p94qntyb', '723l0buc', '26kx1b0h']
7713	['b9uc5gpv', '5chxk43x', 'rvfxcqvu', '8796x4ne', 'fy9bxym6']
7721	['ax3e82js', 'o1xkgkn1', 'r76tqrwz', 'jiunpwz9', '0r580il2']
7756	['wbsl6n67', 'x3z7utn4', 'g9r1fdm4', 'pvrp8u8n', 'o6dd2vu1']
7759	['w0ebmg16', 'mnjy6bq2', 'dq3qunwe', 'c59vfq1o', 'wn98fql3']
7761	['kfohrmhl', 'syv1rrte', 'cviheaos', 'heegb7pp', 'q17jutw0']
7772	['lsokxqde', 'zz0i50l7', 'kwqdyhn6', 'wfc2psyz', 'il4wa97x']
7778	['w3ls1d7w', 'xtmn1n0r', 'h7ftu3ax', '4mx9t5td', '1aqf98e0']
7789	['qfq1nfcn', 'eq5qqshb', 'ca3h96bx', 'lpar7tc8', '6vqf2n5j']
7801	['z2z0hu49', 'vprj63y2', 'o8lasxcb', 'eq5qqshb', 'lpar7tc8']
7814	['1tz7y2sh', '8vdknrdv', 'b5eve7re', 'ywne437k', 'l6bnxi40']
7819	['d26v1k1y', 'xi17qo6z', 'lkjsh3fu', 'efajumk6', 'zonv6csa']
7831	['jzu70l93', 'q6svfacf', 'csflacrq', '8bjfoa9g', 'yrbgdica']
7835	['44flnf9t', 'v6jjzs7i', '9zg8q0gk', '914oafkn', '9lu2stp4']
7836	['0jvoa3ui', '2la3hkzv', 'rlphji4q', 'y0wu60n4', 'lsrpk3wc']
7867	['zmk8bbcd', 'gorp9n1g', 'kc6dls2z', 'h29zzmla', 'ozj6zju8']
7872	['0uoiifs4', 's1dert6n', '2hkdhwaw', 'vszlmtf4', '4fkg2pfm']
7894	['5vvyd0wx', 'xl3519jo', 'fnguelau', 'eecwjrdc', '0g4naq14']
7895	['qfq1nfcn', 'y2zcwcic', 'iu4p5k0w', 'b9uc5gpv', 'jt3vjsqe']
7896	['uarsobci', 'ngbnnpni', 'nl1ud0rz', 'uto9q6s2', 'v0y734lu']
7897	['828eqxla', '9aw78s63', 'wqicq5ry', 'sxl49cs3', 'vqswp96l']
7939	['icnjhhyy', '3v240tcz', 'bnr1r48j', 'gvn2v6rt', 'yw8a1ssd']
7963	['679ds029', 'o476dtgd', 'gcv4lmsr', 'mo1bj909', '8gl323hs']
7965	['grx4gx95', 'ilt03dfk', '2scp98u0', 'm26xr9qr', 'sjkni2uc']
7968	['zycgczqy', 'xtmn1n0r', 'pu12u627', '1s8jzzwg', '763v4duh']
7983	['4iuxm6z2', 'jd3np9n4', 'ey34e59f', 'yjm6asp5', 'eywnnzxe']
7986	['fk62t9ym', '0gjzpef1', 'yu8dkk5g', 'ylqpkosd', 'qcxpmfmq']
7991	['7cbxp6q5', 'ovuh3qoh', '53x6do07', 'vrttjv2b', 'bzxa0ajy']
7994	['yg0ovmu5', 'io8mozoe', 'dmqk247e', 'pyz2tnhk', 't1ughb9b']
8012	['qtzhfnr6', 'gqwwfpch', 'llcit7x2', 'c6lilxk3', 'ku5klxq9']
8044	['u20e82de', 'eipscagh', 'wzfvqj6m', '3sqy16rs', 'v72mveyu']
8046	['1vcc1khg', 'astxi4el', '9ezhwvv9', 'nzat41wu', 'dhd9e9bn']
8047	['3sqy16rs', 'v72mveyu', 'eipscagh', 'wzfvqj6m', '1l10diya']
8055	['e3e48idb', 'uyy8zytj', '0bczgiyy', 'fbyq0nco', '0e97tdez']
8069	['lht6lhry', 'bpnqz1cn', '9s9ctu9i', 'rh724opa', 'q9d54z1s']
8070	['2btgsuz0', 's2jop0z4', 'xpwfoal7', '8i9xwogu', 'oy46vntr']
8095	['fiicxnty', 'qh6rif48', '5sauy21h', 'wdw0a2kl', 'nlv939ft']
8142	['i94boetk', 'fq1am5na', 's96b0s76', 'qopfltoi', 'ovuh3qoh']
8144	['i94boetk', 'fq1am5na', 'k457kqlo', 's96b0s76', '6a6tyvtz']
8179	['9195zweg', '9k6uqs2q', 'n1q1wr9s', 'a3i3t6od', '2ui7z8wi']
8191	['vh3qs9xv', 'qh6rif48', 'tov6uq27', '1y79i676', '10l6kx3e']
8223	['ue58uvot', '0ogmwreb', 'l8zfuhzk', '52x62y5l', 'f74g59b0']
8239	['psghawl0', 'gtp5daep', 'kl2w6yiv', '3xvphg52', 'gkf3wez8']
8247	['ihlkhh2d', 'rg3iygo4', 'f6li7qil', '5q6cnfse', '3udfl0a2']
8249	['ybwwmyqy', 'sxx3yid9', 'ouvq2wpq', 'fiicxnty', 'i6zofi4g']
8250	['0j4ind0z', 'uarsobci', 'lyhdeks1', 'frxriw9v', 'dkfohub3']
8270	['56u8u50l', '5vp2r2bd', 'tl96mvyu', 'itvjhlnn', 'xii14gan']
8281	['jn68rbvb', '0qnvydux', 'rmho6pur', 'yq6jhupe', '0m2hqvxj']
8293	['jcq5omdq', 'dkn85i8r', 'rpglw6mm', 'pvrh2mqa', 'rf7k079r']
8309	['h8x5cpz4', 'uarsobci', 'egn81atf', 'vxmamhkx', 'g3hujz5o']
8311	['m69ceq2t', '6nsoj5we', 'pmbmi6pn', 'xj02160p', '4rzogopt']
8314	['bzeqs5oh', 'uohbxoeb', 'onjgfr4j', '0bh8i14e', 'a40yhtqk']
8315	['feovbv3v', 'icnjhhyy', '4mp1iu55', 'lxzmiehr', '3v240tcz']
8316	['w036x5gr', 'j23pvlj9', '60sbhzfs', 'f3mvdpq1', 'wu5lm2zd']
8321	['ba5h6uhu', 'ithv0k5k', 'wzz5ioek', 'qa2pgjvj', 'wi1slkpf']
8350	['io8mozoe', 'tdxrx9se', '5eo7wfle', 'deas7kr0', '4cy3er3y']
8361	['nzc9essr', 's3o9v1fl', '3o7rd8pt', 'ia8rou81', '6ejzpqq4']
8369	['9ixpj162', 'v5beddu4', 'xzuynia2', 'cwdtyr1v', '09q2so3j']
8381	['tbs3b4ww', 'ay69e8ad', 'tf181d85', 'aq2iz9tq', '95wclabe']
8388	['m4hwwhux', 'x88qugn9', '7gqkyq1j', 'nvqv99ak', '3r8jbhhq']
8392	['039k70vs', 'xh1iw8gf', '4mjg7jul', 'dksw5yzp', 'gc9eg5j3']
8410	['qibt88f7', 'ydv0hc0m', 'ib92zi1s', 'hnsv4ov0', '4jx0oq65']
8434	['9nyfz7s2', 'qgxo9cr7', '6r4jyop7', 'mviiowbw', 'awfgfmx1']
8439	['m2bmp8s8', '9bkuy3xk', 'yamabj5e', 'b31ctbat', 'tl96mvyu']
8440	['01bjz2qq', 'n5kgdoln', 'z2jtzsl6', 'h7n8w2k4', 'y0mbzzx0']
8443	['h4cu63cm', 'gcv4lmsr', '8ljnxihr', 'ooy5nf1d', '3t7zln1o']
8444	['glxt2q6f', 'h4cu63cm', 'c0i45oix', '8ljnxihr', '5dgggmv6']
8446	['dt8h6a0v', 'h4cu63cm', '8ljnxihr', 'c0i45oix', 'glxt2q6f']
8447	['h4cu63cm', 'spfc0fc0', 'c0i45oix', '3t7zln1o', 'hn6clwoj']
8449	['h4cu63cm', '8ljnxihr', 'c0i45oix', 'ooy5nf1d', 'dt8h6a0v']
8451	['h4cu63cm', 'c0i45oix', 'ooy5nf1d', 'gcv4lmsr', '8ljnxihr']
8453	['h4cu63cm', '8ljnxihr', 'c0i45oix', 'dt8h6a0v', 'glxt2q6f']
8459	['h4cu63cm', 'c0i45oix', '0oxo2awm', '8ljnxihr', 'dt8h6a0v']
8467	['2zu4jjkp', 'xs0kxf25', '6hoi1u8p', 'obhm5mc5', 'ataabyg3']
8470	['glxt2q6f', '8ljnxihr', 'h4cu63cm', 'c0i45oix', '407va85q']
8479	['gv8mngz9', 'l2xm13is', 'ef3qmfxk', 'ywusapij', '896uzyvv']
8483	['iu6epm2i', '4unn3fmu', 'yg2voc65', '5351oj7i', 'dgng39yd']
8498	['vkf5njfz', 'ug239kup', 'e9ntnp5r', 'b5eve7re', 'h3tor88n']
8505	['hz5vigp0', '3o91v72a', '8mxj44n3', 'nd5r4yt4', '9l6yn8pe']
8508	['supf8vel', 'ii0ceksc', 'vwrhypnl', 'mhz8ycpk', '8ubugbn3']
8511	['2qcuygax', 'xkqajjgw', '2yrgy2y2', 'u2kjft6q', '8xgp6nhy']
8516	['suw0h7s3', '0gjzpef1', '104lecie', 'cq6mivr9', '9bvetodx']
8518	['wb1apvn2', 'd0s3vl2w', '2ccxiqea', 'znpc5jq2', 'qv1xfrg6']
8519	['rb20ge7e', '5jlohhmv', '7xnga86x', 'ljlsvc9h', 'gw9hkw00']
8520	['6rpm4phy', '72f64kpf', '2erwhb66', '0ho4f5wg', 'ueh60bz2']
8523	['y442ugst', 'fy9bxym6', 'io8mozoe', 'v1egyqt4', '5fk4eyte']
8529	['9oejm9sc', 'octtj2vf', 'f4jx3b2q', 'mkl7rvr6', 'db8fl9d2']
8533	['b9b6ww9q', 'dngs5tbw', 'erygg5u2', 'e62t4wrn', 'dddrzkf6']
8548	['nr0fu2qb', '92z77upt', '8ko7mmu3', 'zl4ixyg1', '1vcc1khg']
8550	['60en5zy7', '8g70j0qw', 'd2pzezq8', 'cxqzo58q', 'fe14iohb']
8556	['icnjhhyy', '3v240tcz', 'lxzmiehr', '6eivv0d9', '4mp1iu55']
8587	['y42gcbj0', '1xxq8r26', 'h5xvrtfy', '0gn3b98n', 'n6lwnct5']
8595	['5c8im9ci', 'r2hovw0y', '7qpwux9w', 'ereh4ub8', 'y2zcwcic']
8605	['hvy73er8', 'tyrgtwo7', 'r9datawi', 'e6ccoc21', 'egn81atf']
8614	['h7vqmlq9', '3o5c0l24', 'wq92nfnd', 'qb1f03hz', 'opjfy3xr']
8630	['aawjla6h', '1r9975o8', 'idtt3frp', 'tz2shoso', 'n1ysi7qc']
8646	['x9rv72dl', '2cv0vuin', 'rwi2rlwt', 'w3q41awj', 'yx9ygiss']
8665	['73jex4zg', 'ckx6wxxk', '5hhbdzam', 'fiicxnty', '5sauy21h']
8669	['u8mu4yga', 'ximw03ej', 'h7ftu3ax', 'y43prnko', 'astxi4el']
8678	['liip39ku', '70inem5k', 'ihgxtu8g', 'k0oket8b', 'nc2sh98g']
8679	['vkf5njfz', 'z94005i4', 'htitgh0v', '60sbhzfs', 'b5eve7re']
8683	['ksqxfx8m', 'p3ytwqeg', 'hjmjav50', 'cc23zega', '4kgnx00l']
8685	['hygxwl2f', 'zu8dg7ma', 'mkwgkkoi', 'ulmyc9su', 'c0ynezgy']
8695	['cymppa7g', '33znyrn8', 'fbsrggog', 'igm2qr4p', 'bk3ss63e']
8708	['vw8a1994', 'kxx3szjq', 'icnjhhyy', 'glyoiu93', 'lxzmiehr']
8715	['nr0fu2qb', 'jb455t9p', 'h3tor88n', 'q5wiqpcb', 'vdejfuuy']
8717	['nr0fu2qb', '1vcc1khg', 's2hp3sat', 'h3tor88n', 'xsqgrd5l']
8732	['u3ympejy', '5ah2yf59', 'jvo0nk3w', 'wku1sd9k', 'sdg65ple']
8744	['9oejm9sc', 'e63j8gci', 'vndj6f7w', 'wcq3qqt4', 'f4jx3b2q']
8746	['f4jx3b2q', 'ey0r1py7', 'octtj2vf', 'wcq3qqt4', 'iu4p5k0w']
8770	['ljpeq5aw', 'uyzalds2', 'p36ilfqj', '2f09vauy', '65ois1qn']
8775	['zcwh1892', '18swtk61', 'ybcr7clp', 'h4sbz3md', 'x924tb4t']
8777	['ruewzstg', 'tn8houmc', 'yrhb6ktc', 't4y1ylb3', 'pva0xii7']
8793	['vd1lldjj', 'qjin5w03', 'mpeugvt9', '46je80h6', 'q9d88fxx']
8800	['rpjg4a9i', 'eo1uz3g2', 'cfd1x420', 'k2zrdjyo', '3w5ouagx']
8814	['pm825xn1', 'kn9lna4m', '5t16srpn', 'gdyntyxk', 'y420tku1']
8838	['ximw03ej', '30pl5tx3', '84z7jgcl', '0mwz8kwo', 'w1bx4a7v']
8840	['7tye4psd', '582ld85p', '7j5zmg8w', '2qre0gc7', 'l7zlby4y']
8862	['06yuz5pn', '3kjckx8o', 'eg5snpzs', '9xxv8a2d', '6r79qt66']
8875	['d02grfth', 'k8yp9p0g', 's01g5wxg', '03gs6o4y', '0ojzssli']
8882	['juxgkbwv', 'ov5wzfra', 'gtbegs4r', 'yj62tnz6', 'is9a77dk']
8925	['xwghd9ut', 'ledopkwj', 'cq6mivr9', 'ueb7mjnv', 'coh92gm3']
8927	['xwghd9ut', '02bk8vtk', 'l5ogbl5p', 't2np6qa5', 'abmrgpbm']
8943	['1vd4j3qc', 'n5c0hcwn', '3cr97dii', 'rckwiqgb', 'kgggepu0']
8949	['u0jddsup', 'hn6clwoj', 'oyr4klqk', 'bzeqs5oh', 'oud5ioks']
8954	['te0v91nr', 'bzeqs5oh', 'hn6clwoj', 'mjb3ip7a', 'd6a6nagk']
8961	['9h4zzo5q', 'k7b8wj56', '8drlvdkp', 'tn8houmc', '9jsx2z6e']
8963	['d6a6nagk', 'mhj9o5z5', '6a1fl65b', '5f95gve3', 'cq5z8lqu']
8974	['cu56p0hw', 'm9hkfyff', 'incbwgua', 'icnjhhyy', '8jxacsfr']
8978	['qydo3yr9', 'w0i3oy97', 'hpbcwiwf', 'tzdgc3dw', 'k886vcj1']
8996	['9jfclm9c', 'irx4pcsx', 'v5beddu4', 'tvg6q8cw', 'lgnhlxgd']
9000	['e6m1tkrs', 'h7f3bkc2', '96mcmf2g', 'xolflz8g', 'x6cozo6b']
9013	['r1wh54q1', 'rpjg4a9i', 'rc5d6wi3', 'k457kqlo', 'cfd1x420']
9018	['mwvcd5eo', 'ybyk54ts', 'xezpzl91', 'dmrtj9xl', 'tz5jajeb']
9029	['zuaji5pq', 'qibt88f7', 'ragjcn97', 'rfv0omd6', 'jk37ej4c']
9035	['mz1bof2x', 'ebbaw3td', 'sxl49cs3', 'fedv6m9o', 'liip39ku']
9037	['6ukt0gbn', 'u2kjft6q', 'd5sxycaw', 'r1m709hb', 'cfd1x420']
9043	['lme6vcqs', '1n0qw2a5', 'kkzahuz9', 'mpthhazv', '6kbdxhxv']
9044	['hnx43l5c', 'eywnnzxe', 'daj5g788', '7pqy0ejn', 'ga1fks7l']
9051	['br0hhzmn', '25aj8rj5', '5kchpjx0', 'geo7ac5i', 'edr7hrhp']
9059	['j46bet38', 'jtwb17u8', '6vqf2n5j', '8d0zb0lw', 'noale9n1']
9061	['io8mozoe', 'deas7kr0', '25bdifv6', '9oxajwkk', '0999t5x0']
9062	['f3eogz0n', '2cwvga0k', 'auy3c2e0', '0kuotqoi', 'xj02160p']
9064	['fgj2lvbg', 'k8xp61uu', 'ps5crd29', 'bwmpamea', '9kk8pevp']
9076	['f37ezj1h', 'xyuj1j57', '2egb0ftb', 'had5tqie', 'hay91kuq']
9103	['n86w4vkx', 'p0kg6dyz', 'xjrhd6ee', 'okbjepet', 'phpijxb9']
9105	['s6lev28f', 'w4m9agd0', 'hphb36km', 'f0t6n2j1', 'y3vhezw8']
9119	['3u3i5myh', 'birrxj48', '4iuxm6z2', 'idlmau69', 'dzlqe7n5']
9122	['lme6vcqs', 'mpthhazv', '1n0qw2a5', 'uipe62sc', 'kkzahuz9']
9128	['3u3i5myh', 'c2krtbvr', 'c8krivoj', 'y1gt6bfu', '8lnjbxe5']
9129	['55gugbs8', 'eywnnzxe', '3u3i5myh', 'ga1fks7l', '8ztv34hs']
9163	['egn81atf', 'zzscey1f', 'hygxwl2f', 's4cfdgbv', 'zrjvpoq0']
9164	['yf3z913h', 'r4btmprw', 'oyplh9cn', 'ho6qjkyr', 'tgrh7ap4']
9181	['ax3e82js', 'o1xkgkn1', 'jz6o9gnb', 'iali360u', 'aakzdkcj']
9183	['od0y5ruh', 'geo7ac5i', '5nt99kyu', 'ccjzc1x0', '2hfkrl8m']
9210	['xi90m4jk', '9kq9o5wp', 't4y1ylb3', 's10kzuf1', 'tffhk1hy']
9213	['o4ri7t16', 'dsvmh7t6', 'k4k3kcrh', '2bm389su', 'ph7lkuus']
9218	['tra5ewc5', 'uyb0of5p', '9mn6trtn', 'dhd9e9bn', 'i1yf8fgk']
9222	['tra5ewc5', 'pu12u627', 'i1yf8fgk', 'lr20prun', 'h7ftu3ax']
9243	['tmnfcs7r', 'ofgv3p8y', 'del20ax2', 'vp2t4xkn', 'y04dub8o']
9257	['aaxhrecp', 'ocl5qf9o', '8g2mr8o1', 'f0wpsaip', 'trrg1mnw']
9260	['09q2so3j', 'tvg6q8cw', '4z8i83p4', 'irx4pcsx', 'xzps65et']
9272	['okh5z7m1', 'rr0v0ju1', '7qxs79qy', 'sz5fr79q', '1s6czejn']
9278	['uk6whrhz', 'x6sdpk6v', 'mtq19xku', '3p2cuxk0', 'bfmcqcq1']
9287	['a4kjk836', 'asj7352n', 'wdvuweiq', 'gz84xy6q', 'idtt3frp']
9292	['s44gtutu', '6hnts5l2', 'nzfpgxa0', '86auifl6', 'wkz2ammt']
9300	['0oq0xmzr', 'xy4m6x8d', 'bv7hvc1e', '7ec2jcoq', '5gshj480']
9323	['qibt88f7', 'jb455t9p', 'n2t35wgn', 's1olwzxi', 'ib92zi1s']
9347	['j0uojajt', 'dt7hip0z', '3m9yonqe', '1ov3eydq', 'x4mgnhbg']
9356	['yuppix3r', 'u7ao9dwx', '1k0xqhda', 'tstx42h7', '4vq9ljlg']
9359	['wr9ko6l5', 'gzk9xbzk', 'ickqi7iw', '1hfvmyfs', 'mio282vy']
9371	['axd0s9cg', 'g4nceu64', 'cf3l8uzq', 'fo4ax1od', '1l10diya']
9374	['u3ympejy', '5ah2yf59', 'h8tv2u77', 'ez1l3m4o', 'cmry8aea']
9378	['5tdmh0ac', '2aoyzj2b', '2yrgy2y2', 'd0cd89hs', '5t5l5rrx']
9417	['v77n1vbf', '6hl55c60', 'sxl49cs3', 'y77rbrnd', 'xmjj1s5s']
9418	['mjb3ip7a', 'uohbxoeb', 'spfc0fc0', 'hn6clwoj', 'yt2fp8zl']
9432	['k0eheo71', 'qbj8n8h6', 'f2det6w2', 'xvphsdg7', '6j45mmjh']
9450	['kb3xi0fk', 'est5jx7g', '25aj8rj5', 'vh3qs9xv', 'ocl5qf9o']
9454	['2wco7m0c', 'mopk56p5', 'nles7ymd', '9dnj4ppj', 'u95kg3m0']
9472	['p71adezi', 'tnkkas7x', 'm0zvo2tq', 'nb5ayz0h', 'n1cg1cba']
9481	['barindjx', 'prqrsb3c', '8a7vbqg4', '72jwlfqr', 'lsgm7y5t']
9483	['hnx43l5c', '2qcuygax', 'dp9x046e', 'cc23zega', 'fh0zym9r']
9497	['d3530i86', 'hlulg3wf', 'hzvqg674', 'i9wjpbe7', 'k8xp61uu']
9510	['q4aqkr0w', 'zue5hnal', '1s8jzzwg', 'l4y7v729', 'f96qs295']
9512	['5z0xwlxp', '3h80bn0k', '1s8jzzwg', 'jjh1z5c6', '3ybiysp4']
9517	['oqhmvpjm', 'hert77y1', 'ivy95jpw', 'pbb9nrba', 'sygm6irl']
9537	['6wsa54w2', 'i4lg3x9r', 'c0c60pyi', 'm5udbs4f', 'v0frkv96']
9546	['j4hnitqx', 'w3jyovd2', 'ncbjncfx', 'ln6t374j', '3bbiyucq']
9589	['4jjuwc9r', 'prqrsb3c', '1y1ik2u9', 'pm3ck1gk', '95e1kuux']
9590	['ximw03ej', '0mwz8kwo', 'mnjy6bq2', '0clp6zt6', 'b9b6ww9q']
9604	['clk482qk', 'rcrok8lr', 'sni1e160', '8vx56qlk', 'gjsrfmj4']
9608	['ljpeq5aw', 'ug239kup', 'e9ntnp5r', 'nwb7qf9l', 'yn2aylru']
9614	['5zp3p2g3', 'soa71kwx', 'coh92gm3', 'mwj0xc3q', 'jr92ou2e']
9624	['1z1tces3', 'q0a6b8jy', 'lpar7tc8', 'eo1uz3g2', 'pwb7rw89']
9630	['x4zuv4jo', 'xy4m6x8d', '8zufbeuz', 'pxo11hwp', 'bv7hvc1e']
9642	['1hobsclz', 'vpz3o29f', '0qyhjutm', 't0s5ufzv', 'sdtr6yla']
9656	['fiiyythk', 'aqutzlx4', 'lavcsqov', '914oafkn', 'tbio295u']
9664	['eia1mvaw', 'o25o8ejg', 'mttosjh7', 'z81x8sh4', 'zv351n3d']
9687	['pxpghfhq', 'l2ak5ygj', 'g1o4t8ps', '7kxi7px1', 't6de15ax']
9691	['nbqne4wp', '7fe2vdm7', 'bbs7zocu', 'ztc4wvlw', '0ojzssli']
9696	['pq571myy', 'dlwfu274', 'h4sbz3md', '94w1sbsb', 'qqdcs77q']
9713	['fm8gril1', 'hbvwm62l', 'y8ibpd1g', 'tki4l0gb', 'ruwmeau5']
9718	['3ees74tt', 'krh63hqp', 'iyc8j5mr', '5zeqfohd', 'jw6kh8os']
9725	['jr92ou2e', 'b9nsh19x', 'y7v9zc6w', '4socpj73', '5rdsn2mn']
9741	['8g70j0qw', 'nq7yzfhi', '3mk8dwf9', 'i2anrjmq', '8cd5z4di']
9744	['x7ffgtrd', '9rxv6fy9', 'b22cioi2', '307rt03e', 'ewg9d4ei']
9745	['0vy5yifk', 'wcmxmahq', 'aqke0012', 'kyoa5gsf', 'e6miaabh']
9753	['52lcpf0x', '9e3mxt1a', 'aupjlpfm', 'cdltu9vs', '34eot3zh']
9759	['9nyfz7s2', '4fgeb27a', 'mviiowbw', '70inem5k', 'v0y734lu']
9760	['t6rxsiat', '1jtln8wc', '0clp6zt6', 'bfcz49t9', 'hqapg5ow']
9761	['t6rxsiat', '1jtln8wc', 'f0m3wuyj', 'z1gnvb6i', 'wjktna81']
9768	['g5ftdku9', 'ttvlddm2', '89fglwvk', 'g5k0po72', 'tki4l0gb']
9771	['33wqmdnk', '0yysikc1', '9b6cepf4', 'qdw86v8i', '5vodag6c']
9794	['dsfbmhbj', '7a7oi5dt', 'q9bwvh0t', 'maqo773b', '9ok153yl']
9803	['qi1henyy', '763v4duh', 'iu1d9i57', 'l4y7v729', '2tre0wat']
9813	['4dsq1dds', '6wb18u6w', '9h4zzo5q', 'sykjpaz2', '60en5zy7']
9814	['a7nj8sgl', 'zh8wzza5', 'tc21pcjw', '7fe2vdm7', 'scc9wee0']
9816	['s19w1p2i', 'gvp58frm', 'gsrgf4dd', 'kwutlh8k', 'h3tor88n']
9819	['l3k9bb5m', 'ki93iltt', '98t617oo', '81c2mn2c', 'zmkvs7e7']
9825	['hqapg5ow', 'xtmn1n0r', 'umvrwgaw', 'ximw03ej', 'pdiyqdb3']
9828	['gbrf7fh7', 'gvihovvq', 'mut94ov1', 'jjjgu3n0', 'hn6clwoj']
9836	['k5t5rjhe', 'cdltu9vs', 'z94skip6', '3ees74tt', 'hh37bsfp']
9840	['jjh1z5c6', 'vnijpl9l', 'cn3d6j6z', '2fokjcjr', '4uieqidm']
9872	['2r0a357c', 'et1ekgdl', 'jbpocl1k', 'msut5gyc', '6yztqdt2']
9924	['wr4r7jd8', '53v1olqq', 'zueprmdz', '6t92yhti', '5zp3p2g3']
9933	['30pl5tx3', '763v4duh', '0yysikc1', 'qi1henyy', '9oejm9sc']
9937	['1s8jzzwg', 'x51jorbm', 'w1bx4a7v', 'wn98fql3', '0yysikc1']
9940	['pxpo8jni', '07scv3kv', '00ia8k0b', 'a6gczznx', 'knlc3bxh']
9953	['ivy95jpw', 'x8erq4pc', 'hert77y1', 'xnrb0byz', 'nxu1xoax']
9958	['jemmceyd', 'c2pxokv4', '8d0p6qpc', '2xzntu5c', 'rh2jrojk']
9959	['mtq19xku', '0fpa1f30', 'v2tehu35', 'y8p78ep2', '3ubithu4']
9960	['vjvyjblu', 'vprj63y2', 'rog0fp93', 'omz42d9y', 'jfftgjta']
9965	['yhmcx7ae', 'bgiyvqgw', 'ce1a9k8b', 'ksgdjdh1', 'p71adezi']
9997	['0vwspd6l', 'p8ckcvyj', 'rc6cza9r', '2egb0ftb', 'bran54ku']
10006	['607lsqlg', 'sijfzd2o', 'pc2cnhjd', 'eay6qfhz', 'aawjla6h']
10008	['qdw86v8i', '9b6cepf4', 'db8fl9d2', 'q6ho9pdk', '33wqmdnk']
10011	['eys1k8gb', 'cv988sbx', 'vblfew3o', '8llmriik', '8lqb9le5']
10018	['eys1k8gb', 'vblfew3o', 'cv988sbx', 'o43e6aid', 'xxm6o1l1']
10025	['rr0v0ju1', 'zcwh1892', '18swtk61', 'nphdtsbt', '5zerlx1r']
10027	['v5beddu4', '9jfclm9c', 'us11gvdn', 'irx4pcsx', 'ef3qmfxk']
10107	['p91dk324', 'b1s3ubm1', 'utc0qrax', 'nbn44sxq', '2dvljm27']
10111	['1s8jzzwg', 'ximw03ej', '8ko7mmu3', 'w1bx4a7v', '9mn6trtn']
10125	['f96qs295', 'jjh1z5c6', '9ezhwvv9', '9hpkmjvu', 'dhd9e9bn']
10137	['35xqlryc', 'uo3ww8j4', 'czcx5xwb', 'vprj63y2', '8js7f9a3']
10140	['u5rbvc3i', 't0zphgfl', 'fnguelau', 'q77tr31d', 'obhm5mc5']
10146	['kxx3szjq', '8pislcjr', 'zouscolw', 'vw8a1994', 'h1mo3bs8']
10167	['u0vg1305', 'ag18sokf', 'klqji8gj', '01h205jf', 'yo815hnj']
10182	['5azti19e', 'd19v8qca', 'j3letcou', 'wa5rxe76', 'tk0iwpnb']
10186	['lghvztz8', '1t78tt1s', 'd6mt6nze', '5u7py7ca', 'nmrxjal1']
10202	['fyy42zaf', 'v0f5vxk0', 'y442ugst', 'fy9bxym6', 'a3lk2q02']
10223	['kl3mfkoh', 'w3ls1d7w', 'tra5ewc5', 'pu12u627', 'ohkweon9']
10228	['edr7hrhp', 'gtp5daep', '5kchpjx0', 'mo3y3mau', 'hnx43l5c']
10238	['mo3y3mau', '8l5i1z27', 'b5eve7re', '9h4zzo5q', 'tk0iwpnb']
10246	['cfbj6ize', 'xj1nw76b', '5c1e0770', '72s5lbz1', 'dcli6uaq']
10253	['d8lmft7i', 'aqutzlx4', '7uaj9hmx', '3et2u6sq', 'efxn3pr6']
10262	['gd19rkm2', 'xua4f77e', 'r8lv1zzx', 'j58f1lwa', '74o2xil2']
10268	['m26xr9qr', 'tmonjdrp', 'gqwwfpch', 'qtzhfnr6', 'c6lilxk3']
10295	['eia1mvaw', '4jnppfco', 'clzxo1ly', '54jnv4ki', '2yka2luy']
10306	['umvrwgaw', 'h2sza0if', 'eyxag4xd', '8dgahmka', '46y1pa7o']
10315	['spkjn8bq', 'xzmzdq52', '6r4jyop7', 'kq6rups8', '721ofhsv']
10327	['gg5c8v7d', 'q0tu1pja', 'vbnke2q5', 'qmo1zzkg', 'tpmb397f']
10329	['f6li7qil', 'ihlkhh2d', 'rg3iygo4', 'oa60fwht', 'fu685z9a']
10333	['bu5kfsfi', '9miesbf1', 'x0iartdn', '0si51n85', '30pl5tx3']
10337	['bu5kfsfi', 'e4y6l4lx', 'f4hj35dr', 'dogie34u', 'r3qhzqt2']
10340	['1wcfrvnd', 'f9vxfk68', 'ewf1z1ee', 'ccat4lyb', '0igh53pl']
10346	['ylojjfri', 'ta3zlz4z', '0zun27k4', 'ftjrg3dk', 'h83qgmnq']
10370	['mfyurey2', '5u7py7ca', 'kq6rups8', 'mqyu72nc', 'dr067qlf']
10395	['8r7hnpij', 'wl7odjo2', '02t7jcbt', 't5k8o6sb', 'agknmml1']
10430	['vs730te0', 'qhbuvt1l', 'ywvk6gu6', 'm5siraig', '0bczgiyy']
10431	['tn8houmc', 'q6ypq90z', 'orddpgl3', '5al7jmeb', 'cj3cpn5j']
10434	['cfbj6ize', 'xj1nw76b', '5c1e0770', 'ujy4i5uu', 'dcli6uaq']
10442	['cfbj6ize', 'xj1nw76b', '5c1e0770', 'dcli6uaq', '9kfs73sr']
10449	['mfziqu80', 'd06npvro', '1zuhilmu', 'ph7lkuus', 'o4ri7t16']
10454	['ovd98r01', 'dp274ls4', '79xw1nof', '0klbjvrj', '4socpj73']
10465	['be8eu3qi', 'k30wvnx8', 'wjdif3r3', '5yaj4o0f', 'mf73oqp6']
10468	['tlknj4hm', '01c1hxav', 'ozj6zju8', '250glj07', 'fm8koqjd']
10490	['8lzpz58y', 'ncfvllzi', 'yagu9ab8', 'w50gorzr', 'z2jtzsl6']
10493	['n5qfwl57', 'waujy98e', 'to2wxs8m', 'uom5r1pf', 'cc23zega']
10497	['n24k9s1s', '8lzpz58y', 'waujy98e', 'nfem3htm', 'v53e7anq']
10511	['s7v66pvg', 'icnjhhyy', '4mp1iu55', 'gvn2v6rt', '5rsxnrdr']
10528	['3znsneqq', 'a8065dca', '6xs4y2uw', 'x9veckdi', 'p0brp6qd']
10530	['d2pzezq8', 'm4hwwhux', 's82tyeis', '227l4bzl', 'cxqzo58q']
10558	['ey34e59f', '26kx1b0h', 'w3ls1d7w', 'lrqt2gcw', '5reb2q82']
10563	['4py6l839', 'fe72aj3a', '1s2kfzkn', 'ihgxtu8g', 'kt47i60w']
10580	['8dgahmka', 'ua7hsfma', 'zq6oe8w0', 'n508o874', '7a8ym7uj']
10582	['b1s3ubm1', 'fhxgzm2i', 'p91dk324', '8u5tw2q5', 'sjrnu3f3']
10583	['h4fo8h90', 'z1gnvb6i', 'n9nu5n44', '963hkkiy', 'ezrarusj']
10592	['d81rq6b9', 'jtb71lfd', '7fyhx6c2', 'l9lj98b1', 'aktcrflj']
10599	['pz3e9y4i', '1oiqa5zg', 'z5jbjx59', '9z1caxee', '1bqohjst']
10608	['3m9yonqe', '1ov3eydq', 'dqhdws5k', 'sygm6irl', 'trmwm9qq']
10618	['ivy95jpw', 'cntmsia6', 's7sq53zy', '14alhxc3', 'jz6o9gnb']
10647	['d2pzezq8', 's82tyeis', '8g70j0qw', 'konern28', 'iepagac8']
10665	['x9sfgtim', 'ropgq7tr', 'nr0fu2qb', 'iu1d9i57', 'w1bx4a7v']
10682	['wfa5fb3r', '82y56t7d', 'is9a77dk', 'bqn29m9k', 'rthsl7a9']
10685	['h8tv2u77', 'xxm6o1l1', 'uarsobci', '8gub6wmy', 'z77wg8j9']
10702	['roi3lta6', '828eqxla', 'lz8b60ew', 'cddya0r7', '58r5wcwd']
10716	['gefb43hh', 'xs8w9shx', 'qpnjloe6', '0qnvydux', '5dwkunqw']
10722	['3jigt8mk', 'ghssymgb', 'ybpev0vi', '9k6uqs2q', 'pxof8c2o']
10733	['byvsuvn0', 'oh5wm5qc', '3xzivp7d', '6mfd3n4s', 'wfa5fb3r']
10735	['r4btmprw', 'w3m884ng', '0041cay9', 'vjubia8r', 'is9a77dk']
10741	['g5ftdku9', '89fglwvk', 'xshqu7qm', '6a1fl65b', 'g5k0po72']
10745	['tra5ewc5', '2tre0wat', 'gtwg0m54', 'qdw86v8i', 'l4y7v729']
10752	['ylqpkosd', '68o7g6k7', 'f5ehif2w', 'vh3qs9xv', 'f2det6w2']
10758	['urk8aa5b', '60sbhzfs', 'xtlhhc54', '6i9yw83j', '61ltmgyx']
10763	['ibsktwj1', 'deezca5z', 'bdkr3s9t', 'qsv2d6yc', 'mb18fj8a']
10768	['ax3e82js', 'r76tqrwz', '0r580il2', 'ultl3rpu', 'onlly1ga']
10777	['p4ejdth1', 'tyqeguyf', 'd4upbc3v', 'ogsj01s1', 'lsares5t']
10781	['66fi7e69', 'whh34bjb', '5kz2s7ag', 'nmrxjal1', 'afytjnny']
10789	['llcit7x2', '3fiqpart', 'ykxr9q1j', 'tz2shoso', '5zn5mgi9']
10801	['epzpua9t', '9mdf927z', 'v6w9mlsa', '83re9176', 'bfmefxxe']
10822	['v6w9mlsa', '9mdf927z', '83re9176', 'nq79qw82', 'd7tk12u2']
10824	['i94boetk', 's96b0s76', 'fq1am5na', 'p576v9du', 'ulfz0b15']
10825	['7tp8z7n8', '8dh4xvph', 'zdfx3zo3', '9wnkmn27', 'c7jhbxcb']
10849	['jqueo6zg', 'ir20eiqr', 'odlf9z1w', 'io8mozoe', 'q9bwvh0t']
10868	['gsvzkivp', '88ivkkaw', 'e9m31jyc', '5reb2q82', 't1rtrbtd']
10886	['nzc9essr', 'c0c60pyi', 'dwgxrbag', '4ohgr8j7', 'ybyk54ts']
10892	['wxc5g9l2', 'u3832seg', 'p9qeaedh', 'vprj63y2', 'k7vjqzx1']
10896	['01h205jf', 'yo815hnj', '2damkjcs', 'spwtv7n7', 'ag18sokf']
10899	['cj7tcpsz', 'fcb8egak', '7xn7m662', '4j8b8z4t', 'mj3gdjxj']
10900	['5m23wtpi', 'xnrp2tpd', 'xtnyad3j', '6wb18u6w', 'h8biqqdw']
10913	['0yysikc1', 'e63j8gci', '5vodag6c', 'b88nilfd', 'qdw86v8i']
10914	['fo4ax1od', 'p80ni69c', '3sqy16rs', 'ouno4jpl', 'aj2ov6sh']
10927	['nf6n6afo', 'npd9wz3u', 'fw7yp9jv', 'uw0rrel5', 'p97kgjmp']
10944	['6oicmeam', '9o2nehet', 'g63ed05i', 'gsplo37j', 'dssikr5i']
10953	['ivy95jpw', 'x8erq4pc', 'xnrb0byz', 'hert77y1', '9briyvuq']
10968	['15q47bw5', '2l83gyx5', 'cd7cfpx3', 'xzuynia2', 'xzps65et']
10975	['furicopj', 'ft4f28qp', 'daxv3reg', 'birrxj48', 'n4ildbuc']
10991	['1fgnfh62', '5f95gve3', 's7sq53zy', 'ivy95jpw', 'eje3i558']
10993	['91ea40nz', 'ux8jqekp', '1a5oy6fr', 'd7024aia', 'ta3zlz4z']
10994	['3u3i5myh', '6zjzy0ft', 'mfp9jbti', 'fa05sovj', '6l3coibe']
10999	['06yuz5pn', '7w0e546g', '6o7q57xl', 'p576v9du', 'g4k0ksr8']
11000	['rpjg4a9i', 'k2zrdjyo', 'cfd1x420', 'supf8vel', 'eo1uz3g2']
11006	['tv1a1hwj', 'zn28xy7a', 'geo7ac5i', 'q9d54z1s', 'jvood8ur']
11010	['u5e26byy', '3digbnh6', 'mck3rgcm', 'd7eshkim', 'ajzl3y46']
11048	['yn2aylru', '6o7q57xl', 'se8tzya3', 'gihjcu73', 'z79gel8h']
11051	['zbkx78mm', 'k3mz6lf1', 'nfem3htm', 'z2jtzsl6', '4kfbs7j4']
11056	['3xup6glg', 'vjpf1fk6', 'u1ilcmm2', 'cv5th7hd', 'l56c020a']
11069	['kb3xi0fk', '5kchpjx0', 'trrg1mnw', 'vxv7pq8v', '2qksxqmb']
11071	['763v4duh', 'tra5ewc5', 'f4jx3b2q', 'pu12u627', 'iu1d9i57']
11092	['e8m2n9v6', 'b2ibj1u4', 'fbyq0nco', 'il4wa97x', '2hzq5o0v']
11117	['j5b0f3uk', 'birrxj48', 'sljh3o2k', '02bk8vtk', 'p7foay4k']
11124	['9uxazk87', '94w1sbsb', '8x3lqokw', 'g4hlvnmq', 'vmizkujc']
11125	['qeqd4soe', 'sywxrxmf', '9wnkmn27', 'y420tku1', 'o1xkgkn1']
11141	['eo89w6qp', '71ixs3y4', 'ppuki7qn', '3unp46lw', 'vge26qe9']
11165	['33wqmdnk', 'l4y7v729', 'k8wb51i7', 'cq5il80s', 'sxi0tpsf']
11191	['sxq2063i', 'i5j4nmjz', 'ywvk6gu6', '0bczgiyy', '5t4twnpm']
11203	['yeowvvqi', 'f3v1xezr', 'lypptk1l', 'zerjg1ko', '7xnh53x0']
11210	['xtraspw2', '4r96f92d', 'w0ebmg16', 'qsyqnwn5', 'xtmn1n0r']
11223	['oa60fwht', 'jbimjcx4', 'gwb8l3f2', 's1r8guqm', 'lstwxv4k']
11245	['h2h4bnd5', '8acldtv2', '6gb1za5h', 'jgs4jszx', 'jjiiutd5']
11248	['zs78ndoa', 'ru2ty1y9', '609b8j39', 'wabd3b9z', 'z43p1dmf']
11256	['ypvzanog', 'dobxp4uy', 'l63d9lyd', '4z8i83p4', 'plzklj7c']
11264	['gdfvt4pu', 'byrpj1g2', 'pg69ww3a', 'cfhu5246', 'j1ucrhd7']
11268	['wn98fql3', 'l8zfuhzk', 'hqapg5ow', '1s8jzzwg', 'pppb83nc']
11271	['qiphsrjz', 'z9csj1bh', '80cbwj3o', 'yjibz8ie', '1rxw5xro']
11280	['zcwh1892', '18swtk61', 'ybcr7clp', 'x924tb4t', 'fo815n5l']
11290	['y1vjka66', '9vej295g', 'kxbw44cy', '407va85q', 'rtwr4a1w']
11298	['qj1v04cf', '4z8i83p4', 'dobxp4uy', '15q47bw5', '09q2so3j']
11299	['gmp22v65', '312cg7b7', 'xpqfpizp', 'iwd8nkls', 'yx9ygiss']
11319	['hn6clwoj', 'pa000mr8', '675v58x8', 'p3ytwqeg', '104lecie']
11332	['p485vc0h', 'clzxo1ly', 'aceu86at', 'gbrf7fh7', 'akcqliaq']
11347	['cimmc4y8', 'zbr3kfv2', 'pvjoxgn3', '8rqrhzrg', 'ow1n47ui']
11363	['lsojoa7c', '1tlduxz2', 'ry13iyxn', 's82tyeis', 'yo2lpdi4']
11373	['qkwmabna', 'belhjr5e', 'ivy95jpw', 'iu5ndsxn', 'aakzdkcj']
11384	['s7glsesb', 'hj3xxwru', 'p4ejdth1', '4ml4dfs0', '9zg8q0gk']
11392	['cwqsbwaj', 'f296patc', 'su028g3j', 'nln6pl3h', 'smrtrxup']
11395	['ag18sokf', 'f0m3wuyj', 'v056i6g7', 'gtp01rna', 'u6b8iwr0']
11412	['6g4oclln', 'vjpf1fk6', 's1jrb2tn', 'y4rhmd8t', 'emg87q94']
11426	['mjb3ip7a', 'oud5ioks', 'cq5z8lqu', 'spfc0fc0', 'te0v91nr']
11430	['idhbd102', 'qdtm4s83', 'd6wkv2rc', 'c0c60pyi', 'tg00bqhf']
11431	['rjelshrp', 'doi8buyw', '1a1zb9p5', '6tlzij5v', 'h6b8xuvs']
11432	['2146o727', 's1olwzxi', 'tvzn0112', '0rsbmh48', '9mact9br']
11448	['o7qibwzj', 'w3kkizaq', 'tpic8ddl', 'z2jtzsl6', 'lt1pstm2']
11461	['s19w1p2i', 'je585xia', 'wr4r7jd8', 'be4afbyo', '4p6fcy8f']
11463	['m2z6k2va', 'a0q61mpi', 'xtmn1n0r', 'cg6v3yma', 'w1bx4a7v']
11473	['l3bruaeh', 'fkwgq5mr', 't1rtrbtd', 'wcyqks52', 'vccct6hq']
11483	['qbj8n8h6', '6j45mmjh', '1blzi9r3', 'bcttenl4', 'xq525smx']
11489	['7j7u4sv3', 'l4y7v729', 'y4rhmd8t', 'vjpf1fk6', 's1jrb2tn']
11496	['pv7tgwcg', 'e6miaabh', 'rrykpl0f', 't1ho5c9h', '2q87yv17']
11498	['ba5h6uhu', 'rpglw6mm', 'yce32jmg', 'zcnr1e2f', 'j3avpu1y']
11503	['2f09vauy', 'mof7tf6m', 'yn2aylru', '65ois1qn', 'ljpeq5aw']
11510	['9iomlhpv', 'vprj63y2', '9rczqcaz', 'jb455t9p', '2e02uktc']
11511	['6a1fl65b', 't7xaqtgo', 'yt2fp8zl', 'cq5z8lqu', 'hgcsfxwo']
11530	['3wo90f5u', 'm847xdzk', 'ozbmgd70', 'yr27lnq8', '66j24qm4']
11539	['dqfndau7', '8hz4go45', 'e1macqqm', '9oui0l6v', 'yidait6a']
11552	['nr0fu2qb', 'xtmn1n0r', 'ordof7g5', 'h7ftu3ax', 'w1bx4a7v']
11559	['k7b8wj56', 'n9aqux5a', '8lnjbxe5', 'li5cw8xx', 'ypqusgs3']
11573	['jb3wc81d', 'ix48o00j', 'cplyj4dm', 'u9nmqcgs', '6o7q57xl']
11625	['rwevmwcr', '34tqy9tb', 'e8fhlo37', 'th64ca79', 'irgnrr0j']
11631	['p3rnfifj', '97msfh4l', 'jk5tczo0', 'x60fkihk', 'irgnrr0j']
11633	['xj1nw76b', 'cfbj6ize', '5c1e0770', 'eo1uz3g2', 'l9hqalbo']
11636	['ndn6iwre', 'auvehdq5', '64qt0w2a', 'u0jddsup', '5hei9fac']
11638	['6aku7ghk', 'k2zrdjyo', 'm46vdpv6', 'ny6zepe9', '68d30i8k']
11642	['0o3wjvpx', 'g15tvzn4', 'ilnudz0g', 'aq6iypq1', 'ge8o93rh']
11665	['ipsjsf0y', 'mf73oqp6', 'td3drkgw', 'qmo1zzkg', 'dx2cx9lx']
11676	['ffy19pp9', 'faj85qxc', 'c3955inl', 'es7c7szs', '5sauy21h']
11680	['8j3bb6zx', 'sv48gjkk', 'k0f4cwig', 'nr440fxm', '3sr2exq9']
11681	['66g5lpm6', 'es8l29ub', 'ce9jq0hq', 'u691yyuc', 'dya40tln']
11697	['t3t7sbmz', 'wedh0kvs', 'mi6rnaad', 'pggf4wyo', 'anunmmrj']
11700	['7g7sgabs', 'uarsobci', '41uuzzpg', 'fdkt6moe', 'q5f98qzk']
11706	['dqhdws5k', 'sygm6irl', '3m9yonqe', 'trmwm9qq', 'iali360u']
11749	['uyzalds2', '104lecie', 'mja2qlpk', 'ljpeq5aw', 'fj6l76hq']
11764	['ropgq7tr', 'x9sfgtim', 'jjh1z5c6', '5z0xwlxp', 'xtmn1n0r']
11793	['elu3dztf', 'jgbwd3ib', 'dqbvnr0y', 'hqjphv5g', 'jdo7afuh']
11798	['4cy3er3y', 'q1ay1u90', 'y442ugst', 'ea2c1l2q', 'p0brp6qd']
11815	['l72grjbg', 'mnjy6bq2', '9h4zzo5q', 'hunepli1', '7a7oi5dt']
11817	['5c8im9ci', 's2vckt2w', 'qxxn1zf9', 'wcq3qqt4', '07cica09']
11827	['xd5uhah4', '2scp98u0', 'zpqgz95r', 'o3bp0837', '2f09vauy']
11829	['ptnjbhtw', 'k7b8wj56', 'y2bsx8p2', '2u9eenwu', 'fob3kiz4']
11836	['tn8houmc', '5tdmh0ac', '8xpenaxt', 'fo4ax1od', 'ngywgodg']
11845	['xtmn1n0r', 'nr0fu2qb', '92z77upt', 'nlnkgkjo', '30pl5tx3']
11846	['qi1henyy', 'iu1d9i57', '763v4duh', 'tra5ewc5', 'l4y7v729']
11850	['e0a1t2ig', 'xd5uhah4', '0njpdbv5', 'xr70oiv3', 'qfrenkb6']
11868	['vmijl5yu', 'lbyvgqp2', 'yiwq4uns', '5cno180i', 'yewi7l9t']
11884	['550ik6bk', 'u95kg3m0', '8wqii0nd', '4img2we6', '29opurlw']
11899	['w2c01295', 'mnjy6bq2', 'dxrltm25', '8iqs6jko', 'g57r3son']
11913	['gc9eg5j3', 'ixnko86u', 'njivwikk', 'd19v8qca', 'zkxrjk3p']
11915	['t4y1ylb3', '8l5i1z27', 'ruewzstg', 'tn8houmc', 'cj3cpn5j']
11923	['n3xm6c0y', 'f5ehif2w', '4fhegc0z', 'uliopaz0', 'umrk96gz']
11925	['bzeqs5oh', '7wsumadw', 'a40yhtqk', 'mjb3ip7a', 'zbi0llig']
11940	['3u3i5myh', 'mo3y3mau', 'ruewzstg', 'c2krtbvr', 'trmwm9qq']
11961	['nkx5zdfg', 'i5sem6al', '5sauy21h', '3eu5n942', '83lgqe5c']
11962	['fdn6h4gi', 'ja4oo96l', 'nji5ek3q', 'asi26od1', 'dogie34u']
11973	['0jvoa3ui', 'tffhk1hy', '2la3hkzv', '66obkrxp', 'b0k91b91']
11974	['3bbiyucq', 'kczhrxxd', 'ln6t374j', 'bgiyvqgw', '868txjrw']
11991	['ao6632cb', 'qomhaso3', 'eu1gbga9', 'is7gm9zu', 'bayrzit4']
12002	['z1wwlea2', 'so9uy899', 'b5yrfllu', '5aev7ltr', 'j0bu0upi']
12007	['iatmjkzk', 'mpthhazv', 'lme6vcqs', '7qxs79qy', '29ph2eai']
12013	['dfl69g4f', '6kbdxhxv', 'eko3rry2', 'h2uc7ria', 'lfo6otkc']
12041	['5azti19e', '3u3i5myh', 'hhg2nyoz', 'ot1uz6vc', 'u7ligk1k']
12042	['fdkt6moe', 'nmrxjal1', 'mpeugvt9', '3lzm42wq', 'mqzus147']
12060	['y74qhqw7', 'vkbsxz7r', '7cakttlp', '2lanvyia', 'a9lw6vrs']
12075	['ohkki0ke', 'qsyqnwn5', 'w2c01295', 'vvmb92wo', 'l6kcpnbj']
12091	['2sb905jt', 'lmo2t4ho', 'nmrxjal1', '0iqdqcp6', 'j7vm8h9t']
12097	['g5h4tazp', 'l70ghm8g', '3kk1l0ag', 'hu2lg6i7', 'a0dvzhc8']
12103	['bxuwx1jj', '32v44sw9', 'nb27fn2z', '9n28nniu', 'i1yf8fgk']
12105	['g5h4tazp', '1rxw5xro', 'g4250q6l', '2leg4980', 'q0a6b8jy']
12107	['g5h4tazp', 'brt4zrhe', '3mk8dwf9', 'plgip4h6', '4ghn6zbd']
12109	['qtzhfnr6', 'zqekxlz9', 'i9jrobdb', 'rnfh9v1h', '9mact9br']
12113	['56zhxd6e', '8m59whf9', '5upb25gt', 'eu2vjpw9', '0jwed8p9']
12114	['f0m3wuyj', 'm40kwgcg', 'o7ww2prj', 'aclzp3iy', 'nb27fn2z']
12131	['ocguwlam', 'u1s6ciy4', 'nvbt5gxl', 'rtwr4a1w', '36flecmg']
12137	['j05hs577', 'mtq19xku', 'ezrmuw48', 'd9egxof5', '5xzn2myj']
12157	['tra5ewc5', 'uyb0of5p', 'zl4ixyg1', 'nom4z0tv', 'i1yf8fgk']
12164	['omrb959r', 'hjmjav50', '4pcv1i3i', 'eyhtf6mv', 'ce9jq0hq']
12180	['xtraspw2', '9pb2eqoa', 'h7ftu3ax', 'w3ls1d7w', 'w0ebmg16']
12214	['geo7ac5i', '5kchpjx0', 'u4doukk7', 'edr7hrhp', 'vh3qs9xv']
12221	['726t123x', 'ey0r1py7', 'c4ihkcyr', 'd2s3170w', '79niee4r']
12235	['lanpynie', '5sfojk7y', 'n86w4vkx', 'hfbi7sk5', '3xvphg52']
12253	['w0ebmg16', '2rx84imv', 'bmmdygbs', 'mnjy6bq2', 'dxrltm25']
12256	['4vuucmfd', '7n4t8i2n', 'gi21di4d', 'ub7ilx98', 'g2nhydu6']
12273	['8rogsybc', '03efdea2', 'iz5uzizo', 'a7ve0dud', 'b1fzmxdg']
12276	['5nv3ec5l', 'wn98fql3', '5b9jytph', 'w0ebmg16', '2bupc5jh']
12277	['9195zweg', '9k6uqs2q', 'n1q1wr9s', '8so80bf9', 'n81gw19z']
12278	['awfgfmx1', 'ppuki7qn', '1peg3502', 'fpexa30s', 'k4ubol2x']
12279	['9195zweg', 'a3i3t6od', 'wbix36hf', 'cz0jg62z', 'ppuki7qn']
12286	['ueh60bz2', 'npd9wz3u', 'vaeh5z4z', '5jlohhmv', 'i03mrw1i']
12287	['9195zweg', '9k6uqs2q', 'nswj8x43', 'cz0jg62z', '3a5965df']
12312	['72ncfyc5', 'rwh56zhg', 'tweqo3fp', 'rl5g8iqm', '8nil3u2k']
12320	['3ehm118t', 'u7d6d8oa', '50ym7h4t', 'fow0f0nq', 'wkl3jyzn']
12334	['1fxb5vru', '679ds029', 'y3c478hf', 'p0jht22m', '7z6e5jhh']
12337	['ddwrvlc9', 'tf5a48i2', 'pmd78j61', 'xjklin0b', 'su028g3j']
12372	['y6jrt5xh', 'q1nye2ih', '6qai5sev', 'l4y7v729', 'leg5ntvu']
12393	['emg87q94', 't85yioyl', 'bhjwd01o', 't5sgguxr', 'b4hl6fnw']
12404	['h4cu63cm', 'c0i45oix', '3t7zln1o', '8ljnxihr', 'glxt2q6f']
12406	['2uidarm3', 'u8t64wmg', 'fnok2eoj', 'tlr00tz3', 'kc6dls2z']
12423	['q1nye2ih', 'snlukr6c', 'qbj8n8h6', 'q3h8afld', '32ua8wb6']
12427	['lirsu408', 'pqjumz2o', '78wu4kgv', '8ti6r0eh', 'zjbyz1vy']
12447	['f3eogz0n', '2cwvga0k', '4fgeb27a', '70inem5k', 'fa05sovj']
12461	['8j3bb6zx', '98t617oo', '9lu2stp4', 'yq6jhupe', '1a7ugd24']
12501	['v4ubd1l6', 'mom4y7cl', 'b8c309hj', '4hmecfi0', '2aslzgdk']
12513	['sem6z3ka', '53t1mhnb', 'mom4y7cl', 'si5mxgrk', 'uarsobci']
12517	['9avmlz30', 'du8wmh6n', 'h1sura49', 'lt7qsxxh', '96lxmeqx']
12530	['mo3y3mau', 'dsz66r4u', '0tfunzw8', 'qn6wawxk', 'q6dxytcj']
12551	['mb18fj8a', 'es8l29ub', '66g5lpm6', '82afil03', 'ce1a9k8b']
12572	['3u3i5myh', 'ruewzstg', '6zjzy0ft', 'a4klrp3h', '5azti19e']
12579	['0g4naq14', '9lwtmn6c', '1n0qw2a5', '48ay8yl3', 'd0tg9i90']
12582	['i03mrw1i', 'xuiswu2l', 'k36rymkv', '0y2kq6zg', 'eo8rbcy2']
12596	['be8eu3qi', 'wjdif3r3', 'mayhg4jq', '75rhjcz5', '723l0buc']
12603	['vjpf1fk6', 'u1ilcmm2', '35meen0h', 'azhnpsyu', 'hqod7v2l']
12622	['o3bp0837', '45r6aieu', 'hi4a02kw', 'vl7eqzu4', 'mja2qlpk']
12637	['xf7k56sp', 'qwgufqcs', '9lwtmn6c', 'lt51utjm', 'dz1da2ba']
12643	['bw6a5gmy', 'gjustwrb', 'dr067qlf', 'hc4zu9t5', '7hvq9qaj']
12648	['pi1yzeqg', '51c22b8w', 'reigmh19', 'y7lrp0gc', 'plgip4h6']
12662	['nb5ayz0h', '0vmxjil6', 'p7rpfsph', 'ezrarusj', 'yjibz8ie']
12669	['ua7hsfma', '8dgahmka', 'wnpmwne1', 'b9jcuwu5', '2f9vpqej']
12689	['hqod7v2l', 'y98m15aq', '93b2ivio', '223wnwd4', '3xup6glg']
12697	['mw0wb8a8', 'xcsl2evz', 'dnxhtbxn', '69fmtury', 'rqqyym05']
12709	['w0j0n8mn', 'ypls4zau', 'nns4mkkv', '167f4gyg', 'qalficgu']
12713	['6ki9km50', 'hs2q61gw', 'ii2fmi39', '36amafub', 'o21ncldx']
12715	['lwhy2spw', 'q1ay1u90', 'xi2whtvr', 'zzph3va1', 'oy46vntr']
12730	['eje3i558', 'mag2289a', 'vdup9q7v', 'm7q1roay', 'pbb9nrba']
12731	['38d6gb7o', 'eje3i558', 'ce9jujij', 'e5flh0af', 'm2bmp8s8']
12737	['3oetrhdh', 'o9xdv4x0', 'sjkni2uc', 'lvvw1npq', '0shy9q2l']
12738	['1xvj7xq7', 'g3hujz5o', 'wk3fh9ke', 'iu6epm2i', '4aps0kvp']
12743	['3oetrhdh', 'l6kcpnbj', 'h4otzeah', 'lf2u7roq', 'sjkni2uc']
12754	['db8fl9d2', 'uyb0of5p', 'f96qs295', '8fbsaocw', '2bpyvgv7']
12761	['mnjy6bq2', 'q4aqkr0w', 'dxrltm25', '2f7wqamp', '2rx84imv']
12766	['iwdklgyp', 's6lzr81h', 'zbusl6pc', 'thvhvf4t', 'dngs5tbw']
12799	['ohfi48d6', 'o7ww2prj', 'ozmgm5bx', 'p7cbnrji', 'wwgx9qip']
12801	['1m2mp7o7', 'z0hy52cu', '4qp083h4', 'gw9hkw00', 'nj1p4ehx']
12805	['ox59xb6z', 'b5eve7re', '05vmhjjp', 'z6sjfdb9', '82hqy612']
12809	['rb20ge7e', '5jlohhmv', 'ljlsvc9h', '7xnga86x', '2j11uxmx']
12822	['vk6rms29', 'tn8houmc', '8l5i1z27', 'ghhxxkkv', 'sr9qxnu2']
12829	['r6pn17no', 'trpbkat0', 'eahv0nxf', 'k6ensjlf', '8t2tic9n']
12831	['s9lkvzpo', 'ybxuykpz', 'vryngrq8', '9ud32cvb', 'z4cq9klm']
12834	['75rhjcz5', 'w50gorzr', '01bjz2qq', '53xk7574', 'gg5c8v7d']
12838	['x220pjeg', 'evuixig8', 'cnz7jlw4', 'ps5crd29', 'd8vo0ncl']
12842	['ufcheghf', 'lricvxim', '8hlhp8i7', '1h9ewx5j', '80t2ovkk']
12886	['tm9jb7bq', 'ztc4wvlw', 'p8xpavbg', '0aqww7cz', 'ai5dfdfk']
12907	['763v4duh', 'iu1d9i57', 'f4jx3b2q', 'umvrwgaw', 'jjh1z5c6']
12910	['db8fl9d2', '2tre0wat', 'wzqdo1st', 'f96qs295', '0yysikc1']
12916	['cgxs9uam', '1igydu3y', 'unx1pv2k', 'e8mk04uf', 'shxxhqx3']
12920	['cgxs9uam', 'bf654xie', 'xl0zb9zj', 'ktv6fk7q', 'x4crng5j']
12926	['630w2rtn', 'xhkjbeam', '7xt894vr', 'emg87q94', '64qt0w2a']
12950	['7xnh53x0', 'cmeiqnng', 'h1wycwxc', '28wn23nl', 'doi8buyw']
12954	['9195zweg', '9k6uqs2q', 'n1q1wr9s', '8so80bf9', 'n81gw19z']
12963	['wrnooffp', '6lz0kjen', 'uarsobci', 'g1w6w5tm', 'i0bc6k81']
12967	['01c1hxav', 'mi6rnaad', 'k4k3kcrh', 'pr1fd8mj', 'xo7q4dqr']
12972	['tweqie5k', 'r0taoqsw', 'i9nchww2', '4ohgr8j7', 'bnhwbaqj']
12973	['f3eogz0n', '2cwvga0k', 'snlukr6c', 'k3mz6lf1', '5jl2whuu']
12984	['f96qs295', 'opjfy3xr', '1s8jzzwg', '46y1pa7o', 'pppb83nc']
12989	['vrate482', 'tjplc5j6', '3xw4qjoy', 'kq58gxgl', 'wr4r7jd8']
12990	['vrate482', 'ywusapij', '3ss714ha', '3xw4qjoy', 'gp3ib74q']
13002	['4jyltfus', 'gtol0evh', 'rpxw3a01', 'rcaxap24', 'ut4d68ti']
13028	['3u3i5myh', 'ruewzstg', 'cieh5gyp', 'emvkiex9', '1gv3t5t0']
13045	['d4eae8g3', 'z795y51f', 'cvkdpnn3', '3sr2exq9', 'sv48gjkk']
13046	['j7hih6o9', '2zu4jjkp', 'jlqpwfwm', 'x419odra', '7tto4hr7']
13049	['8fnis63j', 'xjrhd6ee', 'slzh6uay', 'sruhwd8j', 'jvqlmqsy']
13050	['84z7jgcl', '4r96f92d', 'q4gattkk', '5azti19e', 'ruewzstg']
13052	['jtn3y35w', 'av3sm2kb', 'h2sza0if', '5yscqct1', 'q55l1chd']
13053	['r58aohnu', 'vjtwipu9', 'bzn7wd36', 'ysrte29b', 'k8wb51i7']
13063	['vdgu6h0a', 'llcit7x2', 'gqwwfpch', '8d90mc54', 'hs2q61gw']
13078	['jvqlmqsy', 'g4pd6g4j', 'a9lw6vrs', 'hpyzi04z', 'd4p5r746']
13147	['zpxnr9s9', '8rgpr2lo', 'gap91mwc', 'w7xaleep', '0ve5b28s']
13153	['jk5tczo0', 'jb3wc81d', 'jn1w8h2p', '6lz0kjen', 'yk872yaz']
13158	['1u532bz9', 'ge8o93rh', 'nh4dw75x', '0jwed8p9', 'f3k3olld']
13167	['rog2h4g7', '6tlzij5v', 'rjelshrp', '8tipkksu', 'doi8buyw']
13170	['y6zisciu', 'pi1yzeqg', '1mz44ole', 'xshqu7qm', '7zshbsww']
13171	['3f0pgo4z', '9ei6ubx6', '6d5tp5hy', 'arma6a4j', 'hw2s28hs']
13189	['bzo4x7bh', '9jqafpkp', 'jw42gokv', 'r4q0zqam', 'v67s4yz9']
13194	['omrb959r', 'hjmjav50', 'ce9jq0hq', 'o47v5vgw', 's3eo0ze4']
13204	['zc10b6j5', 'jgq968f6', 'vvmb92wo', 'l9lni5d3', '4zelg0m1']
13209	['hsm75cww', 'cmc02ybp', 'pwb7rw89', 'prqrsb3c', 'trrg1mnw']
13210	['sh9w4ipq', '2bfxfl0v', 'cuw2sx2e', '7qrdvap1', 'g9com45e']
13216	['qeqd4soe', 'fq5nayxt', 'dt8h6a0v', '1ef8ac5c', 'nz976qc6']
13234	['vzdu9jwn', '3km6yfr6', 'dsnniuo6', 'z9csj1bh', 'nr440fxm']
13239	['6g4oclln', 't0l6mlm5', 'oh5wm5qc', 's1jrb2tn', '3wg6flz0']
13250	['rpjg4a9i', 'k2zrdjyo', 'd5sxycaw', 'vprj63y2', 'dti9o5x3']
13254	['ncbjncfx', 'yidait6a', 'dkderykk', 'ppe8br4z', '75m13rha']
13257	['yguqwc1l', 'vprj63y2', 'cvxni7cd', 'lypptk1l', '5eo7wfle']
13269	['f96qs295', 'wn98fql3', '9hpkmjvu', 'xtmn1n0r', 'w1bx4a7v']
13278	['63b7yidq', 'kgggepu0', 'zjujs11q', 'mi6bdisx', '8x3lqokw']
13280	['6t92yhti', 'h4kc04w0', 'ot04th3v', 'jw713e2n', 'b68c8qwm']
13281	['63b7yidq', 'yb9uyov3', '8i2ryrfe', 'vwrhypnl', 'k457kqlo']
13310	['8hkxbxz9', '7j7u4sv3', '3o7rd8pt', 'jb3wc81d', 'jmdrupds']
13327	['d2pzezq8', '8g70j0qw', 'cxqzo58q', 'yo2lpdi4', 'sq01hlaa']
13330	['ysf5k0ky', 'bxuwx1jj', '9miesbf1', 'mfpgbqc8', 'hzbtd39j']
13332	['vmmwtdia', 'kde51mn0', 'm1glq4ac', 'fxwszm22', 'n508o874']
13342	['wa4gt5sy', 'mpeugvt9', '6gj02k04', 'ppuki7qn', 'ksvw62gl']
13346	['xtmn1n0r', 'oijl3pjt', 'e63j8gci', '0n07fow0', 'nv1w6juh']
13352	['3u3i5myh', 'u30uz8sk', '78d7vub4', 'a4klrp3h', 'qdmkx03t']
13366	['tbio295u', 'yiopw7v4', 'j81mq3nr', 'rytalfyx', 'dp274ls4']
13367	['q1nye2ih', '6j45mmjh', 'snlukr6c', 'lzwgyzdp', '6a728le9']
13373	['1iclw0nt', 'pr97f4yf', 'st3fyb64', 'nb5ayz0h', 'ipblyab0']
13377	['u30uz8sk', 'h3tor88n', 'mup5hr7e', 'z79gel8h', '7aaiyppx']
13402	['tra5ewc5', 'pu12u627', 'l4y7v729', 'i1yf8fgk', 'h7ftu3ax']
13405	['qn6wawxk', 'dsz66r4u', 'gatxuwz7', 'm80rklg5', 'z92xqedn']
13412	['msb6wgnv', 'brt4zrhe', '4jjuwc9r', 'dica9bqx', '6hehg1yf']
13421	['ijoyk390', 'znainceq', '7as9f1n6', 'ra3clbbr', 'n2wqalcu']
13445	['gw9hkw00', 'fnguelau', '7xnga86x', '53t1mhnb', 'rb20ge7e']
13446	['xj1nw76b', 'cfbj6ize', '5c1e0770', 'dcli6uaq', 'z218oii3']
13451	['g5uu01aa', 'pyz2tnhk', 'ep9moftg', 'gsplo37j', 'q4gattkk']
13462	['00xnsdt9', 'nvbt5gxl', 'e0pz0z4j', 'nz976qc6', 'aakzdkcj']
13480	['92z77upt', 'noale9n1', 'w1bx4a7v', 'wn98fql3', '1s8jzzwg']
13485	['2my9o9fy', 'pksg0exj', 'suw0h7s3', 'prqrsb3c', 'vxmamhkx']
13500	['7f5nywod', '3qtxnbb2', 'fnedip6k', 'pi9ndj9p', '4co920gp']
13503	['gg5c8v7d', 'ocfqb3a2', '4kfbs7j4', 'y0mbzzx0', 'ikon1ktb']
13513	['998a0aoc', 't1rtrbtd', 'rztwiflt', 'a8u31pkr', 'ovowswd7']
13529	['mru0mcup', 'whkfvd7l', 'dfhxcqr8', 'ndcg3o7a', 's3o9v1fl']
13542	['ikz8ui8y', 's23d5pns', '8l5i1z27', 'rc5d6wi3', 'wijqiktk']
13555	['828eqxla', 'pggf4wyo', 'wqicq5ry', 'x6m7yq65', 'yosjlefy']
13560	['rn8eezep', '7dyhyruo', 'kk7rlevl', 'uj0k84vk', 'atd6bg76']
13561	['k1n00gir', 'jk5tczo0', 'cplyj4dm', 'rg5sd5ya', 'xvctmmzt']
13577	['90323yzn', '39tvv57g', 'zkdk2v5e', '5h54azyy', 'in9a3bvi']
13603	['doi8buyw', 'jihyavm1', 'hjmjav50', 'f14n0hk6', 's245n3qw']
13617	['ztc4wvlw', '4ghn6zbd', 'o6rgoe9t', 'jnmpyovl', 'nh4dw75x']
13618	['w7gr98j9', 'lghvztz8', 'uukdrm6y', '1tx3tl0f', '62xdiz68']
13622	['delciztu', 'of16ewcj', 'jw6kh8os', '7f33cu6l', 'lm73oj21']
13628	['mzon01fd', 't22hwoeb', 'y5a9xtr5', '5r0ubg5g', '08h4198w']
13647	['w0ebmg16', 'itxde5mw', 'ys7azmv7', 'q4aqkr0w', 'dxrltm25']
13648	['nbdk83ok', 'foopvh5z', 'cj7ygzfy', 'park7t3g', 'a7420by2']
13649	['f6j1yhvp', '7ouo6beb', '5g70w76j', '2firaix6', 'av3sm2kb']
13653	['mnjy6bq2', 'w0ebmg16', '5b9jytph', 'iylmvmv3', 'wn98fql3']
13669	['1adt71pk', 'xkqajjgw', '52cub1om', 'lkb09vs8', 't2gxkxxd']
13670	['t5wzsjxc', 'e1mnj7bf', '9ds4ot1q', 'l4y7v729', 'cnmawglq']
13676	['s1dert6n', '2hkdhwaw', '9jsx2z6e', 'gxu62u9i', '8t4rnfyu']
13679	['n3xm6c0y', 'zkxrjk3p', 'dzlqe7n5', 'f5ehif2w', '4mjg7jul']
13682	['0vy5yifk', 'wcmxmahq', '6g4oclln', 'e6miaabh', 'aqke0012']
13707	['78d7vub4', '3u3i5myh', 'u30uz8sk', 'qdmkx03t', 'bgr4h7kn']
13728	['wbk363w1', '6p0j6rsa', 'vbayngh0', '5iwgutxo', 'hnwtz96p']
13751	['726t123x', 'qxxn1zf9', 's2vckt2w', 'f4jx3b2q', 'vc6j8ao2']
13816	['etfweo49', 'mb18fj8a', '59up4v56', '5hxsagx6', 'styavbvi']
13823	['1a5oy6fr', 'amtk0s0v', 'dpyz8uh4', 'loq68wfv', 'ag5coipu']
13824	['x14iywtr', '9phgag8q', 't3vuwghp', '0e97tdez', '02t7jcbt']
13826	['2my9o9fy', '3ty5ozsm', 'j9xlhtko', 'mzn4jztt', '7iqyaitx']
13844	['tra5ewc5', '763v4duh', 'lr20prun', 'f4jx3b2q', 'iu1d9i57']
13884	['7xnga86x', '53t1mhnb', 'fnguelau', 'c18arb6s', '8gub6wmy']
13887	['lvvw1npq', 'po32j519', 'k8xp61uu', 'hgqohdct', 'wtb51big']
13899	['x60fkihk', 'jlr943nv', 'shxxhqx3', 'p3rnfifj', 'mxbjpmll']
13909	['1adofojj', 'cd7cfpx3', 'l63d9lyd', '3a7utmsd', '6d3qvtne']
13913	['i88ccp9w', 'bc8xa92n', 'axa9cqk6', 'xo7q4dqr', 'h0ex5siq']
13925	['ls4qfvwq', 'k7vjqzx1', '8pemlz7a', 'qeubhfbc', 'wxc5g9l2']
13937	['s599iazh', 'ai5dfdfk', '3aa6kd3j', 'dkderykk', '4cy3er3y']
13992	['r58aohnu', 'cpbu3fv3', 'dq3qunwe', 'a0q61mpi', 'mfziqu80']
14002	['tra5ewc5', 'l4y7v729', 'pu12u627', 'qi1henyy', 'i1yf8fgk']
14034	['hfk8nikl', 'tqpm3qj5', 'dcli6uaq', 'zna49ifn', 'g0za5fqi']
14040	['jbom8iq6', '01bjz2qq', 's245n3qw', '8xdz41w9', 'neqeedtr']
14044	['1ad18z11', 'z3o3ib2f', 'j2t0ofgt', 'onjgfr4j', 'sqvdlnyj']
14053	['qsv2d6yc', '7vsv726x', 'rog0fp93', '05vmhjjp', 'fep6qm4d']
14070	['4hmecfi0', 'w1azm2mc', 'mevnb9v0', 'mp1z0269', 'vw3cuiof']
14072	['g5h4tazp', 'e85xdrcw', '7as9f1n6', 'pq75mafr', 'kiq6xb6k']
14076	['v4ubd1l6', 'mom4y7cl', 'w25jpub7', '2ytec133', '7b7on38r']
14077	['xbobfec8', '5wg2clq7', 'di7hfghi', 'tah4bpj1', 'neqeedtr']
14084	['met50keb', 'xwghd9ut', 'atdo94f4', '8o2xddof', '5r0ubg5g']
14111	['bv1v3awh', 'k4ubol2x', 'd6qr2abi', '3bicoye0', 'y6ufb4l6']
14122	['m0598zrc', 'pecyac7l', '0clp6zt6', 'v9fz02es', 'wgbyqfrx']
14125	['1b5hb0g9', 'aj64338q', 'fnojlsnj', 'fiicxnty', 'tstx42h7']
14130	['texmsvyt', 'yo815hnj', 'yu2qzp18', 'bbs7zocu', '32ua8wb6']
14132	['8l5i1z27', 'fdkwklzj', 'cj3cpn5j', 'y98bleop', 'w750idb5']
14134	['ccj1dt86', 'hfk8nikl', 'coh92gm3', 'hp4hmooy', 'n5sei1oc']
14139	['u2kjft6q', '8p0xdqba', 'rhnr430g', '98ejxivc', 'q3yt3udf']
14143	['5bu0eafr', 'a3i3t6od', '9ei6ubx6', 'z1onkz6u', '9195zweg']
14152	['vf7xj5qt', 'jfvq2gfx', 'okh5z7m1', '08u566ia', 'ihler8r0']
14153	['9195zweg', '9k6uqs2q', 'n1q1wr9s', 'nswj8x43', 'htpyn9ve']
14193	['0gn3b98n', '0e97tdez', 'soa71kwx', '4dpe5q54', '8mx0p1sh']
14196	['b97acsgn', 'yhmcx7ae', 'e63j8gci', 'iz6nrfpc', 'zjbyz1vy']
14203	['qn6wawxk', 'dsz66r4u', 'b3ui95vx', 'yk2th44f', '059oj76m']
14233	['rfv0omd6', 'e4xw6gyp', 'unl3n0tn', '7368psat', '3xw4qjoy']
14236	['nih4l4ok', 'y74qhqw7', 'p82l6d9a', 'q5ie1v0v', 'rm6av6sj']
